Outcome variable,Display label,Model term / coefficient,Window 1 (s),Window 2 (s),Estimate at Window 1,Estimate at Window 2,Difference (Window 2 − Window 1),95% CI low (descriptive),95% CI high (descriptive),Analysis role
eeg_F_theta,Frontal theta relative power,Intercept,0,5,7.395738454894279,7.550313113631502,0.15457465873722231,-3.150530272299341,3.4596795897737858,parallel_descriptive_pairwise
eeg_F_theta,Frontal theta relative power,Intercept,0,10,7.395738454894279,7.448327647018002,0.052589192123722484,-3.288705282528188,3.393883666775633,parallel_descriptive_pairwise
eeg_F_theta,Frontal theta relative power,Intercept,0,15,7.395738454894279,7.365512612014392,-0.030225842879887388,-3.383551507309194,3.323099821549419,parallel_descriptive_pairwise
eeg_F_theta,Frontal theta relative power,Intercept,5,10,7.550313113631502,7.448327647018002,-0.10198546661349983,-3.3904394350732776,3.186468501846278,parallel_descriptive_pairwise
eeg_F_theta,Frontal theta relative power,Intercept,5,15,7.550313113631502,7.365512612014392,-0.1848005016171097,-3.485478272630167,3.1158772693959476,parallel_descriptive_pairwise
eeg_F_theta,Frontal theta relative power,Intercept,10,15,7.448327647018002,7.365512612014392,-0.08281503500360987,-3.4197303634524614,3.2541002934452417,parallel_descriptive_pairwise
eeg_F_theta,Frontal theta relative power,C(WWR)[T.45],0,5,-0.4845973385055651,-0.42619532286337675,0.05840201564218833,-1.3830152493586472,1.4998192806430237,parallel_descriptive_pairwise
eeg_F_theta,Frontal theta relative power,C(WWR)[T.45],0,10,-0.4845973385055651,-0.030492886164491535,0.45410445234107355,-0.8581861239072421,1.7663950285893892,parallel_descriptive_pairwise
eeg_F_theta,Frontal theta relative power,C(WWR)[T.45],0,15,-0.4845973385055651,-0.04965264234427902,0.43494469616128606,-0.8608266577974818,1.730716050120054,parallel_descriptive_pairwise
eeg_F_theta,Frontal theta relative power,C(WWR)[T.45],5,10,-0.42619532286337675,-0.030492886164491535,0.3957024366988852,-0.945689613975037,1.7370944873728076,parallel_descriptive_pairwise
eeg_F_theta,Frontal theta relative power,C(WWR)[T.45],5,15,-0.42619532286337675,-0.04965264234427902,0.3765426805190977,-0.9486929509220408,1.701778311960236,parallel_descriptive_pairwise
eeg_F_theta,Frontal theta relative power,C(WWR)[T.45],10,15,-0.030492886164491535,-0.04965264234427902,-0.019159756179787484,-1.2026597787859727,1.164340266426398,parallel_descriptive_pairwise
eeg_F_theta,Frontal theta relative power,C(WWR)[T.75],0,5,0.24299163831104817,0.12022632272977243,-0.12276531558127574,-1.3289576609775238,1.0834270298149722,parallel_descriptive_pairwise
eeg_F_theta,Frontal theta relative power,C(WWR)[T.75],0,10,0.24299163831104817,0.38905406226595646,0.1460624239549083,-0.9278012087464328,1.2199260566562493,parallel_descriptive_pairwise
eeg_F_theta,Frontal theta relative power,C(WWR)[T.75],0,15,0.24299163831104817,0.43063861216858723,0.18764697385753906,-0.8374080398808057,1.2127019875958838,parallel_descriptive_pairwise
eeg_F_theta,Frontal theta relative power,C(WWR)[T.75],5,10,0.12022632272977243,0.38905406226595646,0.268827739536184,-0.9050055319150059,1.4426610109873739,parallel_descriptive_pairwise
eeg_F_theta,Frontal theta relative power,C(WWR)[T.75],5,15,0.12022632272977243,0.43063861216858723,0.3104122894388148,-0.8189411666223958,1.4397657455000255,parallel_descriptive_pairwise
eeg_F_theta,Frontal theta relative power,C(WWR)[T.75],10,15,0.38905406226595646,0.43063861216858723,0.041584549902630774,-0.9451891608656589,1.0283582606709203,parallel_descriptive_pairwise
eeg_F_theta,Frontal theta relative power,C(Complexity)[T.1],0,5,-0.08332881059471048,-0.007562661994244317,0.07576614860046615,-0.8528822550647509,1.004414552265683,parallel_descriptive_pairwise
eeg_F_theta,Frontal theta relative power,C(Complexity)[T.1],0,10,-0.08332881059471048,0.3153911346830929,0.39871994527780336,-0.4395917847972817,1.2370316753528885,parallel_descriptive_pairwise
eeg_F_theta,Frontal theta relative power,C(Complexity)[T.1],0,15,-0.08332881059471048,0.3157002260072051,0.3990290366019156,-0.4200924510838939,1.218150524287725,parallel_descriptive_pairwise
eeg_F_theta,Frontal theta relative power,C(Complexity)[T.1],5,10,-0.007562661994244317,0.3153911346830929,0.3229537966773372,-0.5424352359626998,1.1883428293173743,parallel_descriptive_pairwise
eeg_F_theta,Frontal theta relative power,C(Complexity)[T.1],5,15,-0.007562661994244317,0.3157002260072051,0.3232628880014494,-0.5235497433526124,1.1700755193555112,parallel_descriptive_pairwise
eeg_F_theta,Frontal theta relative power,C(Complexity)[T.1],10,15,0.3153911346830929,0.3157002260072051,0.0003090913241122206,-0.7463302672502379,0.7469484498984622,parallel_descriptive_pairwise
eeg_F_theta,Frontal theta relative power,C(ExperienceGroup)[T.Low],0,5,-0.6734884065103514,-0.6862198480489793,-0.01273144153862793,-2.313763094574401,2.288300211497145,parallel_descriptive_pairwise
eeg_F_theta,Frontal theta relative power,C(ExperienceGroup)[T.Low],0,10,-0.6734884065103514,-0.4283181875536658,0.24517021895668556,-2.0297805181272954,2.5201209560406665,parallel_descriptive_pairwise
eeg_F_theta,Frontal theta relative power,C(ExperienceGroup)[T.Low],0,15,-0.6734884065103514,-0.41247410523653005,0.2610143012738213,-2.055501493008148,2.5775300955557907,parallel_descriptive_pairwise
eeg_F_theta,Frontal theta relative power,C(ExperienceGroup)[T.Low],5,10,-0.6862198480489793,-0.4283181875536658,0.2579016604953135,-1.979652801580229,2.495456122570856,parallel_descriptive_pairwise
eeg_F_theta,Frontal theta relative power,C(ExperienceGroup)[T.Low],5,15,-0.6862198480489793,-0.41247410523653005,0.27374574281244923,-2.0060556826965903,2.5535471683214888,parallel_descriptive_pairwise
eeg_F_theta,Frontal theta relative power,C(ExperienceGroup)[T.Low],10,15,-0.4283181875536658,-0.41247410523653005,0.015844082317135744,-2.2376307295322118,2.2693188941664832,parallel_descriptive_pairwise
eeg_F_theta,Frontal theta relative power,C(Gender)[T.Male],0,5,-1.4918422168447403,-1.5687577057203674,-0.07691548887562716,-2.2178025841638505,2.063971606412596,parallel_descriptive_pairwise
eeg_F_theta,Frontal theta relative power,C(Gender)[T.Male],0,10,-1.4918422168447403,-1.674998908423813,-0.18315669157907277,-2.331540358465669,1.9652269753075233,parallel_descriptive_pairwise
eeg_F_theta,Frontal theta relative power,C(Gender)[T.Male],0,15,-1.4918422168447403,-1.6730769178533995,-0.18123470100865924,-2.3351221360670387,1.9726527340497204,parallel_descriptive_pairwise
eeg_F_theta,Frontal theta relative power,C(Gender)[T.Male],5,10,-1.5687577057203674,-1.674998908423813,-0.10624120270344561,-2.249213762419722,2.0367313570128314,parallel_descriptive_pairwise
eeg_F_theta,Frontal theta relative power,C(Gender)[T.Male],5,15,-1.5687577057203674,-1.6730769178533995,-0.10431921213303208,-2.2528094016508247,2.044170977384761,parallel_descriptive_pairwise
eeg_F_theta,Frontal theta relative power,C(Gender)[T.Male],10,15,-1.674998908423813,-1.6730769178533995,0.0019219905704135343,-2.1540383336998765,2.1578823148407036,parallel_descriptive_pairwise
eeg_F_theta,Frontal theta relative power,C(OrderGroup)[T.2],0,5,0.38738053681396034,0.4006864756974809,0.013305938883520552,-2.148485622210387,2.1750974999774284,parallel_descriptive_pairwise
eeg_F_theta,Frontal theta relative power,C(OrderGroup)[T.2],0,10,0.38738053681396034,0.3462281106334437,-0.04115242618051662,-2.204322294211684,2.1220174418506508,parallel_descriptive_pairwise
eeg_F_theta,Frontal theta relative power,C(OrderGroup)[T.2],0,15,0.38738053681396034,0.35692776833695994,-0.030452768477000403,-2.1999192386493203,2.13901370169532,parallel_descriptive_pairwise
eeg_F_theta,Frontal theta relative power,C(OrderGroup)[T.2],5,10,0.4006864756974809,0.3462281106334437,-0.05445836506403717,-2.2070838650863474,2.098167134958273,parallel_descriptive_pairwise
eeg_F_theta,Frontal theta relative power,C(OrderGroup)[T.2],5,15,0.4006864756974809,0.35692776833695994,-0.043758707360520954,-2.2027115624711344,2.115194147750093,parallel_descriptive_pairwise
eeg_F_theta,Frontal theta relative power,C(OrderGroup)[T.2],10,15,0.3462281106334437,0.35692776833695994,0.010699657703516219,-2.1496333154585865,2.171032630865619,parallel_descriptive_pairwise
eeg_F_theta,Frontal theta relative power,C(WWR)[T.45]:C(Complexity)[T.1],0,5,0.28574130372991813,0.1813274564609,-0.10441384726901812,-1.017559842075677,0.8087321475376408,parallel_descriptive_pairwise
eeg_F_theta,Frontal theta relative power,C(WWR)[T.45]:C(Complexity)[T.1],0,10,0.28574130372991813,-0.04401642654689793,-0.32975773027681604,-1.18505776369262,0.5255423031389879,parallel_descriptive_pairwise
eeg_F_theta,Frontal theta relative power,C(WWR)[T.45]:C(Complexity)[T.1],0,15,0.28574130372991813,-0.3444879832301053,-0.6302292869600234,-1.489837623657043,0.22937904973699597,parallel_descriptive_pairwise
eeg_F_theta,Frontal theta relative power,C(WWR)[T.45]:C(Complexity)[T.1],5,10,0.1813274564609,-0.04401642654689793,-0.22534388300779795,-1.1002466804645095,0.6495589144489134,parallel_descriptive_pairwise
eeg_F_theta,Frontal theta relative power,C(WWR)[T.45]:C(Complexity)[T.1],5,15,0.1813274564609,-0.3444879832301053,-0.5258154396910053,-1.4049304778717433,0.3532995984897327,parallel_descriptive_pairwise
eeg_F_theta,Frontal theta relative power,C(WWR)[T.45]:C(Complexity)[T.1],10,15,-0.04401642654689793,-0.3444879832301053,-0.3004715566832074,-1.1193401601142785,0.5183970467478638,parallel_descriptive_pairwise
eeg_F_theta,Frontal theta relative power,C(WWR)[T.75]:C(Complexity)[T.1],0,5,0.1948949571268573,0.12018212264579721,-0.0747128344810601,-1.2855607861457214,1.1361351171836012,parallel_descriptive_pairwise
eeg_F_theta,Frontal theta relative power,C(WWR)[T.75]:C(Complexity)[T.1],0,10,0.1948949571268573,-0.14591923025410364,-0.3408141873809609,-1.4632685164928325,0.7816401417309107,parallel_descriptive_pairwise
eeg_F_theta,Frontal theta relative power,C(WWR)[T.75]:C(Complexity)[T.1],0,15,0.1948949571268573,-0.19350917023653505,-0.38840412736339236,-1.523944950833287,0.7471366961065021,parallel_descriptive_pairwise
eeg_F_theta,Frontal theta relative power,C(WWR)[T.75]:C(Complexity)[T.1],5,10,0.12018212264579721,-0.14591923025410364,-0.26610135289990083,-1.419965271369521,0.8877625655697194,parallel_descriptive_pairwise
eeg_F_theta,Frontal theta relative power,C(WWR)[T.75]:C(Complexity)[T.1],5,15,0.12018212264579721,-0.19350917023653505,-0.3136912928823323,-1.4802894169896748,0.8529068312250101,parallel_descriptive_pairwise
eeg_F_theta,Frontal theta relative power,C(WWR)[T.75]:C(Complexity)[T.1],10,15,-0.14591923025410364,-0.19350917023653505,-0.04758993998243141,-1.122160618003308,1.0269807380384453,parallel_descriptive_pairwise
eeg_F_theta,Frontal theta relative power,C(WWR)[T.45]:C(ExperienceGroup)[T.Low],0,5,0.05776344113291039,0.04307014061192653,-0.01469330052098386,-1.238581854302477,1.209195253260509,parallel_descriptive_pairwise
eeg_F_theta,Frontal theta relative power,C(WWR)[T.45]:C(ExperienceGroup)[T.Low],0,10,0.05776344113291039,-0.18127894799282454,-0.23904238912573494,-1.3815816812190957,0.9034969029676259,parallel_descriptive_pairwise
eeg_F_theta,Frontal theta relative power,C(WWR)[T.45]:C(ExperienceGroup)[T.Low],0,15,0.05776344113291039,-0.07890228188674944,-0.13666572301965985,-1.2309921833402466,0.9576607373009268,parallel_descriptive_pairwise
eeg_F_theta,Frontal theta relative power,C(WWR)[T.45]:C(ExperienceGroup)[T.Low],5,10,0.04307014061192653,-0.18127894799282454,-0.22434908860475106,-1.402618137594941,0.9539199603854389,parallel_descriptive_pairwise
eeg_F_theta,Frontal theta relative power,C(WWR)[T.45]:C(ExperienceGroup)[T.Low],5,15,0.04307014061192653,-0.07890228188674944,-0.12197242249867597,-1.2535519908847583,1.0096071458874063,parallel_descriptive_pairwise
eeg_F_theta,Frontal theta relative power,C(WWR)[T.45]:C(ExperienceGroup)[T.Low],10,15,-0.18127894799282454,-0.07890228188674944,0.1023766661060751,-0.9406790186436301,1.1454323508557804,parallel_descriptive_pairwise
eeg_F_theta,Frontal theta relative power,C(WWR)[T.75]:C(ExperienceGroup)[T.Low],0,5,-0.3641755391626303,-0.16863557125531886,0.19553996790731143,-0.7531659943093976,1.1442459301240204,parallel_descriptive_pairwise
eeg_F_theta,Frontal theta relative power,C(WWR)[T.75]:C(ExperienceGroup)[T.Low],0,10,-0.3641755391626303,-0.2632101114727903,0.10096542768984001,-0.8111141817294198,1.0130450371090998,parallel_descriptive_pairwise
eeg_F_theta,Frontal theta relative power,C(WWR)[T.75]:C(ExperienceGroup)[T.Low],0,15,-0.3641755391626303,-0.3033017729601571,0.0608737662024732,-0.8231172456299569,0.9448647780349033,parallel_descriptive_pairwise
eeg_F_theta,Frontal theta relative power,C(WWR)[T.75]:C(ExperienceGroup)[T.Low],5,10,-0.16863557125531886,-0.2632101114727903,-0.09457454021747141,-1.0741743774928927,0.8850252970579497,parallel_descriptive_pairwise
eeg_F_theta,Frontal theta relative power,C(WWR)[T.75]:C(ExperienceGroup)[T.Low],5,15,-0.16863557125531886,-0.3033017729601571,-0.13466620170483823,-1.0881685542306019,0.8188361508209254,parallel_descriptive_pairwise
eeg_F_theta,Frontal theta relative power,C(WWR)[T.75]:C(ExperienceGroup)[T.Low],10,15,-0.2632101114727903,-0.3033017729601571,-0.040091661487366814,-0.9571592421187092,0.8769759191439754,parallel_descriptive_pairwise
eeg_F_theta,Frontal theta relative power,C(Complexity)[T.1]:C(ExperienceGroup)[T.Low],0,5,-0.019754657578932557,-0.040021889835210746,-0.02026723225627819,-0.8905539637240054,0.8500194992114491,parallel_descriptive_pairwise
eeg_F_theta,Frontal theta relative power,C(Complexity)[T.1]:C(ExperienceGroup)[T.Low],0,10,-0.019754657578932557,-0.19672302703201028,-0.17696836945307773,-1.0324322205945207,0.6784954816883652,parallel_descriptive_pairwise
eeg_F_theta,Frontal theta relative power,C(Complexity)[T.1]:C(ExperienceGroup)[T.Low],0,15,-0.019754657578932557,-0.1403217956632023,-0.12056713808426975,-0.9208837473229822,0.6797494711544426,parallel_descriptive_pairwise
eeg_F_theta,Frontal theta relative power,C(Complexity)[T.1]:C(ExperienceGroup)[T.Low],5,10,-0.040021889835210746,-0.19672302703201028,-0.15670113719679954,-1.0274151903879463,0.7140129159943472,parallel_descriptive_pairwise
eeg_F_theta,Frontal theta relative power,C(Complexity)[T.1]:C(ExperienceGroup)[T.Low],5,15,-0.040021889835210746,-0.1403217956632023,-0.10029990582799156,-0.9168972587738335,0.7162974471178505,parallel_descriptive_pairwise
eeg_F_theta,Frontal theta relative power,C(Complexity)[T.1]:C(ExperienceGroup)[T.Low],10,15,-0.19672302703201028,-0.1403217956632023,0.05640123136880798,-0.7443800386913284,0.8571825014289443,parallel_descriptive_pairwise
eeg_F_theta,Frontal theta relative power,block,0,5,-0.2709940736342701,-0.3851439953214221,-0.11414992168715199,-0.8885032347976649,0.6602033914233609,parallel_descriptive_pairwise
eeg_F_theta,Frontal theta relative power,block,0,10,-0.2709940736342701,-0.5460465202651897,-0.27505244663091966,-1.0124001341533795,0.46229524089154006,parallel_descriptive_pairwise
eeg_F_theta,Frontal theta relative power,block,0,15,-0.2709940736342701,-0.5157227188045989,-0.24472864517032877,-0.9669139001828988,0.47745660984224125,parallel_descriptive_pairwise
eeg_F_theta,Frontal theta relative power,block,5,10,-0.3851439953214221,-0.5460465202651897,-0.16090252494376767,-0.877934372835818,0.5561293229482827,parallel_descriptive_pairwise
eeg_F_theta,Frontal theta relative power,block,5,15,-0.3851439953214221,-0.5157227188045989,-0.13057872348317678,-0.8320091199975711,0.5708516730312175,parallel_descriptive_pairwise
eeg_F_theta,Frontal theta relative power,block,10,15,-0.5460465202651897,-0.5157227188045989,0.030323801460590882,-0.6300269840495283,0.69067458697071,parallel_descriptive_pairwise
eeg_F_theta,Frontal theta relative power,position_centered,0,5,0.00967627806629271,-0.0026299887214933405,-0.012306266787786051,-0.15205645223965533,0.12744391866408325,parallel_descriptive_pairwise
eeg_F_theta,Frontal theta relative power,position_centered,0,10,0.00967627806629271,0.008405031827216757,-0.0012712462390759537,-0.13815586740371516,0.13561337492556325,parallel_descriptive_pairwise
eeg_F_theta,Frontal theta relative power,position_centered,0,15,0.00967627806629271,-0.0212226607049733,-0.03089893877126601,-0.15544381343837244,0.09364593589584042,parallel_descriptive_pairwise
eeg_F_theta,Frontal theta relative power,position_centered,5,10,-0.0026299887214933405,0.008405031827216757,0.011035020548710098,-0.12903682743505895,0.15110686853247912,parallel_descriptive_pairwise
eeg_F_theta,Frontal theta relative power,position_centered,5,15,-0.0026299887214933405,-0.0212226607049733,-0.01859267198347996,-0.14663230995565854,0.10944696598869862,parallel_descriptive_pairwise
eeg_F_theta,Frontal theta relative power,position_centered,10,15,0.008405031827216757,-0.0212226607049733,-0.029627692532190057,-0.15453339324117088,0.09527800817679076,parallel_descriptive_pairwise
eeg_F_alpha,Frontal alpha relative power,Intercept,0,5,5.379025266273275,5.58341337730942,0.2043881110361454,-3.1203326914909812,3.529108913563272,parallel_descriptive_pairwise
eeg_F_alpha,Frontal alpha relative power,Intercept,0,10,5.379025266273275,5.694389831278488,0.31536456500521304,-3.155039034395228,3.785768164405654,parallel_descriptive_pairwise
eeg_F_alpha,Frontal alpha relative power,Intercept,0,15,5.379025266273275,5.8772310374036,0.4982057711303254,-3.019131670894929,4.0155432131555795,parallel_descriptive_pairwise
eeg_F_alpha,Frontal alpha relative power,Intercept,5,10,5.58341337730942,5.694389831278488,0.11097645396906763,-3.464869433251435,3.68682234118957,parallel_descriptive_pairwise
eeg_F_alpha,Frontal alpha relative power,Intercept,5,15,5.58341337730942,5.8772310374036,0.29381766009418,-3.327595785991893,3.915231106180253,parallel_descriptive_pairwise
eeg_F_alpha,Frontal alpha relative power,Intercept,10,15,5.694389831278488,5.8772310374036,0.18284120612511234,-3.5727636819678725,3.938446094218097,parallel_descriptive_pairwise
eeg_F_alpha,Frontal alpha relative power,C(WWR)[T.45],0,5,-2.056888227935909,-2.197522753333248,-0.1406345253973389,-3.832201473145966,3.550932422351288,parallel_descriptive_pairwise
eeg_F_alpha,Frontal alpha relative power,C(WWR)[T.45],0,10,-2.056888227935909,-2.229789095814567,-0.1729008678786581,-4.0689942757989215,3.7231925400416057,parallel_descriptive_pairwise
eeg_F_alpha,Frontal alpha relative power,C(WWR)[T.45],0,15,-2.056888227935909,-2.493914089121144,-0.4370258611852349,-4.392278490666621,3.518226768296152,parallel_descriptive_pairwise
eeg_F_alpha,Frontal alpha relative power,C(WWR)[T.45],5,10,-2.197522753333248,-2.229789095814567,-0.03226634248131921,-4.063925439846923,3.9993927548842847,parallel_descriptive_pairwise
eeg_F_alpha,Frontal alpha relative power,C(WWR)[T.45],5,15,-2.197522753333248,-2.493914089121144,-0.296391335787896,-4.385248706392859,3.7924660348170667,parallel_descriptive_pairwise
eeg_F_alpha,Frontal alpha relative power,C(WWR)[T.45],10,15,-2.229789095814567,-2.493914089121144,-0.2641249933065768,-4.538540966358353,4.010290979745198,parallel_descriptive_pairwise
eeg_F_alpha,Frontal alpha relative power,C(WWR)[T.75],0,5,-1.0353420467468082,-1.2001855965489696,-0.16484354980216143,-3.9884558928757836,3.6587687932714608,parallel_descriptive_pairwise
eeg_F_alpha,Frontal alpha relative power,C(WWR)[T.75],0,10,-1.0353420467468082,-1.168552127884431,-0.1332100811376229,-4.133237288292592,3.866817126017346,parallel_descriptive_pairwise
eeg_F_alpha,Frontal alpha relative power,C(WWR)[T.75],0,15,-1.0353420467468082,-1.2173552453392604,-0.18201319859245224,-4.218367016203431,3.8543406190185268,parallel_descriptive_pairwise
eeg_F_alpha,Frontal alpha relative power,C(WWR)[T.75],5,10,-1.2001855965489696,-1.168552127884431,0.03163346866453853,-4.1161598288534575,4.179426766182535,parallel_descriptive_pairwise
eeg_F_alpha,Frontal alpha relative power,C(WWR)[T.75],5,15,-1.2001855965489696,-1.2173552453392604,-0.017169648790290815,-4.2000064519536595,4.165667154373078,parallel_descriptive_pairwise
eeg_F_alpha,Frontal alpha relative power,C(WWR)[T.75],10,15,-1.168552127884431,-1.2173552453392604,-0.04880311745482935,-4.393492983230404,4.295886748320745,parallel_descriptive_pairwise
eeg_F_alpha,Frontal alpha relative power,C(Complexity)[T.1],0,5,-0.3045294654121613,-0.25544442098307885,0.04908504442908246,-1.0430481446281161,1.141218233486281,parallel_descriptive_pairwise
eeg_F_alpha,Frontal alpha relative power,C(Complexity)[T.1],0,10,-0.3045294654121613,-0.1145433433075198,0.1899861221046415,-0.9651377763265154,1.3451100205357984,parallel_descriptive_pairwise
eeg_F_alpha,Frontal alpha relative power,C(Complexity)[T.1],0,15,-0.3045294654121613,-0.07191421202114702,0.2326152533910143,-0.9493306050167426,1.414561111798771,parallel_descriptive_pairwise
eeg_F_alpha,Frontal alpha relative power,C(Complexity)[T.1],5,10,-0.25544442098307885,-0.1145433433075198,0.14090107767555904,-1.0502780536478886,1.3320802089990067,parallel_descriptive_pairwise
eeg_F_alpha,Frontal alpha relative power,C(Complexity)[T.1],5,15,-0.25544442098307885,-0.07191421202114702,0.18353020896193184,-1.0336766405016005,1.4007370584254644,parallel_descriptive_pairwise
eeg_F_alpha,Frontal alpha relative power,C(Complexity)[T.1],10,15,-0.1145433433075198,-0.07191421202114702,0.04262913128637277,-1.231399452563882,1.3166577151366274,parallel_descriptive_pairwise
eeg_F_alpha,Frontal alpha relative power,C(ExperienceGroup)[T.Low],0,5,-2.4301195467111367,-2.631641832459411,-0.20152228574827413,-3.963142172607033,3.560097601110485,parallel_descriptive_pairwise
eeg_F_alpha,Frontal alpha relative power,C(ExperienceGroup)[T.Low],0,10,-2.4301195467111367,-2.7182648352761833,-0.2881452885650466,-4.261594727594824,3.6853041504647304,parallel_descriptive_pairwise
eeg_F_alpha,Frontal alpha relative power,C(ExperienceGroup)[T.Low],0,15,-2.4301195467111367,-2.8983075409312438,-0.46818799422010704,-4.527015758350833,3.5906397699106196,parallel_descriptive_pairwise
eeg_F_alpha,Frontal alpha relative power,C(ExperienceGroup)[T.Low],5,10,-2.631641832459411,-2.7182648352761833,-0.08662300281677249,-4.209472975836777,4.0362269702032325,parallel_descriptive_pairwise
eeg_F_alpha,Frontal alpha relative power,C(ExperienceGroup)[T.Low],5,15,-2.631641832459411,-2.8983075409312438,-0.2666657084718329,-4.471861812624817,3.938530395681151,parallel_descriptive_pairwise
eeg_F_alpha,Frontal alpha relative power,C(ExperienceGroup)[T.Low],10,15,-2.7182648352761833,-2.8983075409312438,-0.18004270565506042,-4.575744076960689,4.215658665650567,parallel_descriptive_pairwise
eeg_F_alpha,Frontal alpha relative power,C(Gender)[T.Male],0,5,-2.0280849853188907,-2.1446885924388637,-0.11660360711997297,-2.0491663694493143,1.8159591552093686,parallel_descriptive_pairwise
eeg_F_alpha,Frontal alpha relative power,C(Gender)[T.Male],0,10,-2.0280849853188907,-2.2852365071334995,-0.25715152181460876,-2.2676961143832197,1.7533930707540022,parallel_descriptive_pairwise
eeg_F_alpha,Frontal alpha relative power,C(Gender)[T.Male],0,15,-2.0280849853188907,-2.2994925589897948,-0.27140757367090407,-2.31693785363519,1.7741227062933818,parallel_descriptive_pairwise
eeg_F_alpha,Frontal alpha relative power,C(Gender)[T.Male],5,10,-2.1446885924388637,-2.2852365071334995,-0.1405479146946358,-2.2154676878052784,1.9343718584160068,parallel_descriptive_pairwise
eeg_F_alpha,Frontal alpha relative power,C(Gender)[T.Male],5,15,-2.1446885924388637,-2.2994925589897948,-0.1548039665509311,-2.2636417109943983,1.954033777892536,parallel_descriptive_pairwise
eeg_F_alpha,Frontal alpha relative power,C(Gender)[T.Male],10,15,-2.2852365071334995,-2.2994925589897948,-0.014256051856295304,-2.194780612771461,2.1662685090588703,parallel_descriptive_pairwise
eeg_F_alpha,Frontal alpha relative power,C(OrderGroup)[T.2],0,5,-0.04034033961972717,-0.08563525214189407,-0.04529491252216691,-2.0481257704935594,1.9575359454492256,parallel_descriptive_pairwise
eeg_F_alpha,Frontal alpha relative power,C(OrderGroup)[T.2],0,10,-0.04034033961972717,-0.1451807327131641,-0.10484039309343693,-2.1920245943919685,1.9823438082050948,parallel_descriptive_pairwise
eeg_F_alpha,Frontal alpha relative power,C(OrderGroup)[T.2],0,15,-0.04034033961972717,-0.20767419713536472,-0.16733385751563756,-2.2876283623581655,1.9529606473268901,parallel_descriptive_pairwise
eeg_F_alpha,Frontal alpha relative power,C(OrderGroup)[T.2],5,10,-0.08563525214189407,-0.1451807327131641,-0.059545480571270015,-2.214709687570259,2.0956187264277193,parallel_descriptive_pairwise
eeg_F_alpha,Frontal alpha relative power,C(OrderGroup)[T.2],5,15,-0.08563525214189407,-0.20767419713536472,-0.12203894499347065,-2.3092846230655093,2.0652067330785684,parallel_descriptive_pairwise
eeg_F_alpha,Frontal alpha relative power,C(OrderGroup)[T.2],10,15,-0.1451807327131641,-0.20767419713536472,-0.062493464422200634,-2.3272340899139095,2.2022471610695082,parallel_descriptive_pairwise
eeg_F_alpha,Frontal alpha relative power,C(WWR)[T.45]:C(Complexity)[T.1],0,5,-0.24358629899441084,-0.35302417028693683,-0.109437871292526,-1.600316127572663,1.3814403849876111,parallel_descriptive_pairwise
eeg_F_alpha,Frontal alpha relative power,C(WWR)[T.45]:C(Complexity)[T.1],0,10,-0.24358629899441084,-0.49285628365813233,-0.2492699846637215,-1.8292448946866908,1.330704925359248,parallel_descriptive_pairwise
eeg_F_alpha,Frontal alpha relative power,C(WWR)[T.45]:C(Complexity)[T.1],0,15,-0.24358629899441084,-0.4088035589238472,-0.16521725992943634,-1.768561421628293,1.4381269017694203,parallel_descriptive_pairwise
eeg_F_alpha,Frontal alpha relative power,C(WWR)[T.45]:C(Complexity)[T.1],5,10,-0.35302417028693683,-0.49285628365813233,-0.1398321133711955,-1.7837879662928118,1.5041237395504208,parallel_descriptive_pairwise
eeg_F_alpha,Frontal alpha relative power,C(WWR)[T.45]:C(Complexity)[T.1],5,15,-0.35302417028693683,-0.4088035589238472,-0.05577938863691034,-1.7222074941689067,1.6106487168950858,parallel_descriptive_pairwise
eeg_F_alpha,Frontal alpha relative power,C(WWR)[T.45]:C(Complexity)[T.1],10,15,-0.49285628365813233,-0.4088035589238472,0.08405272473428516,-1.6625397784444464,1.8306452279130165,parallel_descriptive_pairwise
eeg_F_alpha,Frontal alpha relative power,C(WWR)[T.75]:C(Complexity)[T.1],0,5,-0.4892552047432532,-0.5556517501803803,-0.06639654543712709,-1.5497219772027653,1.416928886328511,parallel_descriptive_pairwise
eeg_F_alpha,Frontal alpha relative power,C(WWR)[T.75]:C(Complexity)[T.1],0,10,-0.4892552047432532,-0.7215087893624925,-0.23225358461923934,-1.764522039569537,1.3000148703310583,parallel_descriptive_pairwise
eeg_F_alpha,Frontal alpha relative power,C(WWR)[T.75]:C(Complexity)[T.1],0,15,-0.4892552047432532,-0.8554370271998329,-0.36618182245657976,-1.9155636750398806,1.183200030126721,parallel_descriptive_pairwise
eeg_F_alpha,Frontal alpha relative power,C(WWR)[T.75]:C(Complexity)[T.1],5,10,-0.5556517501803803,-0.7215087893624925,-0.16585703918211225,-1.7567492077596696,1.4250351293954449,parallel_descriptive_pairwise
eeg_F_alpha,Frontal alpha relative power,C(WWR)[T.75]:C(Complexity)[T.1],5,15,-0.5556517501803803,-0.8554370271998329,-0.2997852770194527,-1.9071668120384693,1.307596257999564,parallel_descriptive_pairwise
eeg_F_alpha,Frontal alpha relative power,C(WWR)[T.75]:C(Complexity)[T.1],10,15,-0.7215087893624925,-0.8554370271998329,-0.13392823783734042,-1.7865829751110236,1.5187264994363425,parallel_descriptive_pairwise
eeg_F_alpha,Frontal alpha relative power,C(WWR)[T.45]:C(ExperienceGroup)[T.Low],0,5,2.51493917469581,2.7381296161140845,0.2231904414182746,-3.3611852792204786,3.807566162057028,parallel_descriptive_pairwise
eeg_F_alpha,Frontal alpha relative power,C(WWR)[T.45]:C(ExperienceGroup)[T.Low],0,10,2.51493917469581,2.89918456853198,0.3842453938361703,-3.39579528111719,4.164286068789531,parallel_descriptive_pairwise
eeg_F_alpha,Frontal alpha relative power,C(WWR)[T.45]:C(ExperienceGroup)[T.Low],0,15,2.51493917469581,3.0461664361253864,0.5312272614295765,-3.2596268650635185,4.322081387922672,parallel_descriptive_pairwise
eeg_F_alpha,Frontal alpha relative power,C(WWR)[T.45]:C(ExperienceGroup)[T.Low],5,10,2.7381296161140845,2.89918456853198,0.1610549524178957,-3.752072507068652,4.074182411904443,parallel_descriptive_pairwise
eeg_F_alpha,Frontal alpha relative power,C(WWR)[T.45]:C(ExperienceGroup)[T.Low],5,15,2.7381296161140845,3.0461664361253864,0.30803682001130195,-3.6155373182248436,4.2316109582474475,parallel_descriptive_pairwise
eeg_F_alpha,Frontal alpha relative power,C(WWR)[T.45]:C(ExperienceGroup)[T.Low],10,15,2.89918456853198,3.0461664361253864,0.14698186759340626,-3.956113575585169,4.250077310771982,parallel_descriptive_pairwise
eeg_F_alpha,Frontal alpha relative power,C(WWR)[T.75]:C(ExperienceGroup)[T.Low],0,5,1.3185555265597593,1.532584213704375,0.21402868714461576,-3.017032638698978,3.4450900129882096,parallel_descriptive_pairwise
eeg_F_alpha,Frontal alpha relative power,C(WWR)[T.75]:C(ExperienceGroup)[T.Low],0,10,1.3185555265597593,1.5997470121804953,0.28119148562073604,-3.105977691058346,3.6683606622998184,parallel_descriptive_pairwise
eeg_F_alpha,Frontal alpha relative power,C(WWR)[T.75]:C(ExperienceGroup)[T.Low],0,15,1.3185555265597593,1.6202203703095366,0.3016648437497773,-3.1064720091254974,3.709801696625052,parallel_descriptive_pairwise
eeg_F_alpha,Frontal alpha relative power,C(WWR)[T.75]:C(ExperienceGroup)[T.Low],5,10,1.532584213704375,1.5997470121804953,0.06716279847612028,-3.4400494807847064,3.5743750777369465,parallel_descriptive_pairwise
eeg_F_alpha,Frontal alpha relative power,C(WWR)[T.75]:C(ExperienceGroup)[T.Low],5,15,1.532584213704375,1.6202203703095366,0.08763615660516155,-3.43983032066711,3.615102633877433,parallel_descriptive_pairwise
eeg_F_alpha,Frontal alpha relative power,C(WWR)[T.75]:C(ExperienceGroup)[T.Low],10,15,1.5997470121804953,1.6202203703095366,0.020473358129041275,-3.6505179914061685,3.6914647076642506,parallel_descriptive_pairwise
eeg_F_alpha,Frontal alpha relative power,C(Complexity)[T.1]:C(ExperienceGroup)[T.Low],0,5,0.33543230887205583,0.32513802259002217,-0.01029428628203366,-1.286583290040923,1.2659947174768558,parallel_descriptive_pairwise
eeg_F_alpha,Frontal alpha relative power,C(Complexity)[T.1]:C(ExperienceGroup)[T.Low],0,10,0.33543230887205583,0.260542224439164,-0.0748900844328918,-1.40624470319693,1.2564645343311467,parallel_descriptive_pairwise
eeg_F_alpha,Frontal alpha relative power,C(Complexity)[T.1]:C(ExperienceGroup)[T.Low],0,15,0.33543230887205583,0.20878169686551198,-0.12665061200654384,-1.4486958137736803,1.1953945897605927,parallel_descriptive_pairwise
eeg_F_alpha,Frontal alpha relative power,C(Complexity)[T.1]:C(ExperienceGroup)[T.Low],5,10,0.32513802259002217,0.260542224439164,-0.06459579815085814,-1.439839614525019,1.310648018223303,parallel_descriptive_pairwise
eeg_F_alpha,Frontal alpha relative power,C(Complexity)[T.1]:C(ExperienceGroup)[T.Low],5,15,0.32513802259002217,0.20878169686551198,-0.11635632572451018,-1.4825898156838717,1.2498771642348514,parallel_descriptive_pairwise
eeg_F_alpha,Frontal alpha relative power,C(Complexity)[T.1]:C(ExperienceGroup)[T.Low],10,15,0.260542224439164,0.20878169686551198,-0.05176052757365204,-1.4695706167164175,1.3660495615691133,parallel_descriptive_pairwise
eeg_F_alpha,Frontal alpha relative power,block,0,5,1.6788419805760182,1.7672033633187494,0.0883613827427312,-1.161547162421915,1.3382699279073773,parallel_descriptive_pairwise
eeg_F_alpha,Frontal alpha relative power,block,0,10,1.6788419805760182,1.8500222719996782,0.17118029142365998,-1.1333284771348242,1.4756890599821442,parallel_descriptive_pairwise
eeg_F_alpha,Frontal alpha relative power,block,0,15,1.6788419805760182,1.921929306689034,0.24308732611301576,-1.0854903771304014,1.571665029356433,parallel_descriptive_pairwise
eeg_F_alpha,Frontal alpha relative power,block,5,10,1.7672033633187494,1.8500222719996782,0.08281890868092878,-1.2618986777252934,1.427536495087151,parallel_descriptive_pairwise
eeg_F_alpha,Frontal alpha relative power,block,5,15,1.7672033633187494,1.921929306689034,0.15472594337028456,-1.213353357510975,1.522805244251544,parallel_descriptive_pairwise
eeg_F_alpha,Frontal alpha relative power,block,10,15,1.8500222719996782,1.921929306689034,0.07190703468935578,-1.3462300283162365,1.490044097694948,parallel_descriptive_pairwise
eeg_F_alpha,Frontal alpha relative power,position_centered,0,5,0.29186649758963873,0.3135970868727311,0.02173058928309235,-0.3664963330282428,0.4099575115944275,parallel_descriptive_pairwise
eeg_F_alpha,Frontal alpha relative power,position_centered,0,10,0.29186649758963873,0.3393638749141162,0.04749737732447745,-0.360559392587189,0.4555541472361439,parallel_descriptive_pairwise
eeg_F_alpha,Frontal alpha relative power,position_centered,0,15,0.29186649758963873,0.3318974997584224,0.04003100216878369,-0.3717034150960657,0.4517654194336331,parallel_descriptive_pairwise
eeg_F_alpha,Frontal alpha relative power,position_centered,5,10,0.3135970868727311,0.3393638749141162,0.025766788041385102,-0.3969149157129239,0.4484484917956941,parallel_descriptive_pairwise
eeg_F_alpha,Frontal alpha relative power,position_centered,5,15,0.3135970868727311,0.3318974997584224,0.01830041288569134,-0.4079327692791042,0.4445335950504869,parallel_descriptive_pairwise
eeg_F_alpha,Frontal alpha relative power,position_centered,10,15,0.3393638749141162,0.3318974997584224,-0.007466375155693761,-0.4518366147552185,0.436903864443831,parallel_descriptive_pairwise
eeg_F_beta,Frontal beta relative power,Intercept,0,5,8.32374367753859,8.433176259019476,0.10943258148088653,-7.788384622836876,8.007249785798649,parallel_descriptive_pairwise
eeg_F_beta,Frontal beta relative power,Intercept,0,10,8.32374367753859,8.51098768553915,0.18724400800056173,-7.691442980425711,8.065930996426834,parallel_descriptive_pairwise
eeg_F_beta,Frontal beta relative power,Intercept,0,15,8.32374367753859,8.541299453475354,0.21755577593676456,-7.586523517131222,8.021635069004752,parallel_descriptive_pairwise
eeg_F_beta,Frontal beta relative power,Intercept,5,10,8.433176259019476,8.51098768553915,0.07781142651967521,-7.641832490616901,7.797455343656251,parallel_descriptive_pairwise
eeg_F_beta,Frontal beta relative power,Intercept,5,15,8.433176259019476,8.541299453475354,0.10812319445587804,-7.5353607728380165,7.751607161749773,parallel_descriptive_pairwise
eeg_F_beta,Frontal beta relative power,Intercept,10,15,8.51098768553915,8.541299453475354,0.030311767936202827,-7.593403810904513,7.654027346776918,parallel_descriptive_pairwise
eeg_F_beta,Frontal beta relative power,C(WWR)[T.45],0,5,-0.5365183336032535,-0.592629481924863,-0.05611114832160946,-2.6257124362850446,2.513490139641826,parallel_descriptive_pairwise
eeg_F_beta,Frontal beta relative power,C(WWR)[T.45],0,10,-0.5365183336032535,-0.49292561000618657,0.04359272359706695,-2.4678998350180033,2.5550852822121373,parallel_descriptive_pairwise
eeg_F_beta,Frontal beta relative power,C(WWR)[T.45],0,15,-0.5365183336032535,-0.6029020463287593,-0.0663837127255058,-2.557497184673417,2.4247297592224055,parallel_descriptive_pairwise
eeg_F_beta,Frontal beta relative power,C(WWR)[T.45],5,10,-0.592629481924863,-0.49292561000618657,0.09970387191867641,-2.40977557419392,2.6091833180312727,parallel_descriptive_pairwise
eeg_F_beta,Frontal beta relative power,C(WWR)[T.45],5,15,-0.592629481924863,-0.6029020463287593,-0.010272564403896345,-2.499356441777877,2.478811312970085,parallel_descriptive_pairwise
eeg_F_beta,Frontal beta relative power,C(WWR)[T.45],10,15,-0.49292561000618657,-0.6029020463287593,-0.10997643632257276,-2.53902617675166,2.3190733041065146,parallel_descriptive_pairwise
eeg_F_beta,Frontal beta relative power,C(WWR)[T.75],0,5,0.8916927334480106,0.764395390190905,-0.12729734325710562,-2.913787436489616,2.6591927499754044,parallel_descriptive_pairwise
eeg_F_beta,Frontal beta relative power,C(WWR)[T.75],0,10,0.8916927334480106,0.8804263904456414,-0.011266343002369172,-2.7807672847295604,2.758234598724822,parallel_descriptive_pairwise
eeg_F_beta,Frontal beta relative power,C(WWR)[T.75],0,15,0.8916927334480106,0.8015138485190222,-0.0901788849289884,-2.898624056014178,2.718266286156201,parallel_descriptive_pairwise
eeg_F_beta,Frontal beta relative power,C(WWR)[T.75],5,10,0.764395390190905,0.8804263904456414,0.11603100025473645,-2.6951128249060012,2.9271748254154737,parallel_descriptive_pairwise
eeg_F_beta,Frontal beta relative power,C(WWR)[T.75],5,15,0.764395390190905,0.8015138485190222,0.03711845832811722,-2.8124005218689376,2.886637438525172,parallel_descriptive_pairwise
eeg_F_beta,Frontal beta relative power,C(WWR)[T.75],10,15,0.8804263904456414,0.8015138485190222,-0.07891254192661923,-2.911820384594315,2.7539953007410762,parallel_descriptive_pairwise
eeg_F_beta,Frontal beta relative power,C(Complexity)[T.1],0,5,1.0747091493578584,1.251749600457874,0.17704045110001565,-2.8697533123740904,3.2238342145741212,parallel_descriptive_pairwise
eeg_F_beta,Frontal beta relative power,C(Complexity)[T.1],0,10,1.0747091493578584,1.3634504073689813,0.2887412580111228,-2.7111329490495653,3.2886154650718105,parallel_descriptive_pairwise
eeg_F_beta,Frontal beta relative power,C(Complexity)[T.1],0,15,1.0747091493578584,1.1104409457540925,0.03573179639623403,-2.9104780654490625,2.9819416582415306,parallel_descriptive_pairwise
eeg_F_beta,Frontal beta relative power,C(Complexity)[T.1],5,10,1.251749600457874,1.3634504073689813,0.11170080691110718,-2.838048237508763,3.0614498513309774,parallel_descriptive_pairwise
eeg_F_beta,Frontal beta relative power,C(Complexity)[T.1],5,15,1.251749600457874,1.1104409457540925,-0.14130865470378162,-3.0364643874584853,2.7538470780509217,parallel_descriptive_pairwise
eeg_F_beta,Frontal beta relative power,C(Complexity)[T.1],10,15,1.3634504073689813,1.1104409457540925,-0.2530094616148888,-3.0987465784170913,2.592727655187314,parallel_descriptive_pairwise
eeg_F_beta,Frontal beta relative power,C(ExperienceGroup)[T.Low],0,5,1.857869892171628,1.8725246878775996,0.014654795705971724,-7.88339926234875,7.912708853760693,parallel_descriptive_pairwise
eeg_F_beta,Frontal beta relative power,C(ExperienceGroup)[T.Low],0,10,1.857869892171628,1.8700845336413336,0.012214641469705745,-7.770367884805342,7.794797167744754,parallel_descriptive_pairwise
eeg_F_beta,Frontal beta relative power,C(ExperienceGroup)[T.Low],0,15,1.857869892171628,1.5356512404858076,-0.3222186516858203,-8.002989484195787,7.358552180824145,parallel_descriptive_pairwise
eeg_F_beta,Frontal beta relative power,C(ExperienceGroup)[T.Low],5,10,1.8725246878775996,1.8700845336413336,-0.002440154236265979,-7.70849218310825,7.703611874635719,parallel_descriptive_pairwise
eeg_F_beta,Frontal beta relative power,C(ExperienceGroup)[T.Low],5,15,1.8725246878775996,1.5356512404858076,-0.33687344739179204,-7.940089061520867,7.266342166737283,parallel_descriptive_pairwise
eeg_F_beta,Frontal beta relative power,C(ExperienceGroup)[T.Low],10,15,1.8700845336413336,1.5356512404858076,-0.33443329315552606,-7.81762917120544,7.148762584894388,parallel_descriptive_pairwise
eeg_F_beta,Frontal beta relative power,C(Gender)[T.Male],0,5,-5.984905816037285,-5.8047355600455335,0.18017025599175174,-7.450845363992819,7.811185875976323,parallel_descriptive_pairwise
eeg_F_beta,Frontal beta relative power,C(Gender)[T.Male],0,10,-5.984905816037285,-5.6357613800902815,0.34914443594700373,-7.175908149349192,7.8741970212432,parallel_descriptive_pairwise
eeg_F_beta,Frontal beta relative power,C(Gender)[T.Male],0,15,-5.984905816037285,-5.408480419888616,0.576425396148669,-6.856722061004086,8.009572853301425,parallel_descriptive_pairwise
eeg_F_beta,Frontal beta relative power,C(Gender)[T.Male],5,10,-5.8047355600455335,-5.6357613800902815,0.168974179955252,-7.207043729548345,7.544992089458849,parallel_descriptive_pairwise
eeg_F_beta,Frontal beta relative power,C(Gender)[T.Male],5,15,-5.8047355600455335,-5.408480419888616,0.3962551401569172,-6.885976997698983,7.678487278012818,parallel_descriptive_pairwise
eeg_F_beta,Frontal beta relative power,C(Gender)[T.Male],10,15,-5.6357613800902815,-5.408480419888616,0.22728096020166522,-6.943836242065062,7.398398162468393,parallel_descriptive_pairwise
eeg_F_beta,Frontal beta relative power,C(OrderGroup)[T.2],0,5,2.2354489334596055,2.126779676363621,-0.1086692570959844,-7.424576093602275,7.2072375794103065,parallel_descriptive_pairwise
eeg_F_beta,Frontal beta relative power,C(OrderGroup)[T.2],0,10,2.2354489334596055,1.9973105546925514,-0.23813837876705413,-7.461167602671366,6.984890845137257,parallel_descriptive_pairwise
eeg_F_beta,Frontal beta relative power,C(OrderGroup)[T.2],0,15,2.2354489334596055,1.9161540825160104,-0.3192948509435951,-7.461342185900095,6.822752484012905,parallel_descriptive_pairwise
eeg_F_beta,Frontal beta relative power,C(OrderGroup)[T.2],5,10,2.126779676363621,1.9973105546925514,-0.12946912167106972,-7.218942698044615,6.960004454702475,parallel_descriptive_pairwise
eeg_F_beta,Frontal beta relative power,C(OrderGroup)[T.2],5,15,2.126779676363621,1.9161540825160104,-0.2106255938476107,-7.21757389931428,6.796322711619059,parallel_descriptive_pairwise
eeg_F_beta,Frontal beta relative power,C(OrderGroup)[T.2],10,15,1.9973105546925514,1.9161540825160104,-0.08115647217654098,-6.991075638448926,6.828762694095843,parallel_descriptive_pairwise
eeg_F_beta,Frontal beta relative power,C(WWR)[T.45]:C(Complexity)[T.1],0,5,-0.49666586817794833,-0.6097366794987774,-0.11307081132082908,-3.8711030591550935,3.644961436513435,parallel_descriptive_pairwise
eeg_F_beta,Frontal beta relative power,C(WWR)[T.45]:C(Complexity)[T.1],0,10,-0.49666586817794833,-0.5525178320713852,-0.05585196389343683,-3.8076349257850977,3.695930997998224,parallel_descriptive_pairwise
eeg_F_beta,Frontal beta relative power,C(WWR)[T.45]:C(Complexity)[T.1],0,15,-0.49666586817794833,-0.20248440372823936,0.29418146444970894,-3.371686043424312,3.96004897232373,parallel_descriptive_pairwise
eeg_F_beta,Frontal beta relative power,C(WWR)[T.45]:C(Complexity)[T.1],5,10,-0.6097366794987774,-0.5525178320713852,0.05721884742739225,-3.5509764990507353,3.6654141939055203,parallel_descriptive_pairwise
eeg_F_beta,Frontal beta relative power,C(WWR)[T.45]:C(Complexity)[T.1],5,15,-0.6097366794987774,-0.20248440372823936,0.407252275770538,-3.1115234844182718,3.926028035959348,parallel_descriptive_pairwise
eeg_F_beta,Frontal beta relative power,C(WWR)[T.45]:C(Complexity)[T.1],10,15,-0.5525178320713852,-0.20248440372823936,0.35003342834314577,-3.1620673486663424,3.8621342053526337,parallel_descriptive_pairwise
eeg_F_beta,Frontal beta relative power,C(WWR)[T.75]:C(Complexity)[T.1],0,5,-2.457345995307561,-2.533554029661449,-0.07620803435388801,-4.832159891524152,4.679743822816376,parallel_descriptive_pairwise
eeg_F_beta,Frontal beta relative power,C(WWR)[T.75]:C(Complexity)[T.1],0,10,-2.457345995307561,-2.7228085409990954,-0.2654625456915345,-4.961037083520415,4.430111992137345,parallel_descriptive_pairwise
eeg_F_beta,Frontal beta relative power,C(WWR)[T.75]:C(Complexity)[T.1],0,15,-2.457345995307561,-2.532230324384449,-0.07488432907688791,-4.7939094108846785,4.6441407527309035,parallel_descriptive_pairwise
eeg_F_beta,Frontal beta relative power,C(WWR)[T.75]:C(Complexity)[T.1],5,10,-2.533554029661449,-2.7228085409990954,-0.18925451133764648,-4.92716360838468,4.548654585709386,parallel_descriptive_pairwise
eeg_F_beta,Frontal beta relative power,C(WWR)[T.75]:C(Complexity)[T.1],5,15,-2.533554029661449,-2.532230324384449,0.0013237052770000979,-4.759827425941705,4.762474836495706,parallel_descriptive_pairwise
eeg_F_beta,Frontal beta relative power,C(WWR)[T.75]:C(Complexity)[T.1],10,15,-2.7228085409990954,-2.532230324384449,0.19057821661464658,-4.510262374906276,4.891418808135569,parallel_descriptive_pairwise
eeg_F_beta,Frontal beta relative power,C(WWR)[T.45]:C(ExperienceGroup)[T.Low],0,5,1.268644549570846,1.1078601525850718,-0.1607843969857743,-2.802868952254088,2.481300158282539,parallel_descriptive_pairwise
eeg_F_beta,Frontal beta relative power,C(WWR)[T.45]:C(ExperienceGroup)[T.Low],0,10,1.268644549570846,0.9508113777863848,-0.31783317178446124,-2.8883104469695415,2.2526441034006193,parallel_descriptive_pairwise
eeg_F_beta,Frontal beta relative power,C(WWR)[T.45]:C(ExperienceGroup)[T.Low],0,15,1.268644549570846,1.0043209085475902,-0.2643236410232559,-2.7863661168743534,2.2577188348278416,parallel_descriptive_pairwise
eeg_F_beta,Frontal beta relative power,C(WWR)[T.45]:C(ExperienceGroup)[T.Low],5,10,1.1078601525850718,0.9508113777863848,-0.15704877479868695,-2.641319604951429,2.327222055354055,parallel_descriptive_pairwise
eeg_F_beta,Frontal beta relative power,C(WWR)[T.45]:C(ExperienceGroup)[T.Low],5,15,1.1078601525850718,1.0043209085475902,-0.1035392440374816,-2.5376605198374396,2.330582031762476,parallel_descriptive_pairwise
eeg_F_beta,Frontal beta relative power,C(WWR)[T.45]:C(ExperienceGroup)[T.Low],10,15,0.9508113777863848,1.0043209085475902,0.05350953076120535,-2.3026927123320244,2.409711773854435,parallel_descriptive_pairwise
eeg_F_beta,Frontal beta relative power,C(WWR)[T.75]:C(ExperienceGroup)[T.Low],0,5,-0.8196218294782607,-0.5871289962850039,0.23249283319325675,-3.0745966929328175,3.539582359319331,parallel_descriptive_pairwise
eeg_F_beta,Frontal beta relative power,C(WWR)[T.75]:C(ExperienceGroup)[T.Low],0,10,-0.8196218294782607,-0.6130901827428115,0.20653164673544921,-3.0552600646599957,3.468323358130894,parallel_descriptive_pairwise
eeg_F_beta,Frontal beta relative power,C(WWR)[T.75]:C(ExperienceGroup)[T.Low],0,15,-0.8196218294782607,-0.3910977994194075,0.4285240300588532,-2.823811650668251,3.680859710785957,parallel_descriptive_pairwise
eeg_F_beta,Frontal beta relative power,C(WWR)[T.75]:C(ExperienceGroup)[T.Low],5,10,-0.5871289962850039,-0.6130901827428115,-0.02596118645780754,-3.2871972701614403,3.235274897245825,parallel_descriptive_pairwise
eeg_F_beta,Frontal beta relative power,C(WWR)[T.75]:C(ExperienceGroup)[T.Low],5,15,-0.5871289962850039,-0.3910977994194075,0.19603119686559645,-3.0557472404288664,3.447809634160059,parallel_descriptive_pairwise
eeg_F_beta,Frontal beta relative power,C(WWR)[T.75]:C(ExperienceGroup)[T.Low],10,15,-0.6130901827428115,-0.3910977994194075,0.22199238332340399,-2.983706766623213,3.427691533270021,parallel_descriptive_pairwise
eeg_F_beta,Frontal beta relative power,C(Complexity)[T.1]:C(ExperienceGroup)[T.Low],0,5,-0.38375760084178523,-0.46298565860950575,-0.07922805776772052,-2.2086710417465794,2.0502149262111384,parallel_descriptive_pairwise
eeg_F_beta,Frontal beta relative power,C(Complexity)[T.1]:C(ExperienceGroup)[T.Low],0,10,-0.38375760084178523,-0.5271652024724106,-0.14340760163062538,-2.2150747206740764,1.9282595174128254,parallel_descriptive_pairwise
eeg_F_beta,Frontal beta relative power,C(Complexity)[T.1]:C(ExperienceGroup)[T.Low],0,15,-0.38375760084178523,-0.5064211578605884,-0.12266355701880316,-2.02157467159492,1.7762475575573138,parallel_descriptive_pairwise
eeg_F_beta,Frontal beta relative power,C(Complexity)[T.1]:C(ExperienceGroup)[T.Low],5,10,-0.46298565860950575,-0.5271652024724106,-0.06417954386290486,-2.04594099617258,1.9175819084467702,parallel_descriptive_pairwise
eeg_F_beta,Frontal beta relative power,C(Complexity)[T.1]:C(ExperienceGroup)[T.Low],5,15,-0.46298565860950575,-0.5064211578605884,-0.04343549925108264,-1.8438346835420192,1.756963685039854,parallel_descriptive_pairwise
eeg_F_beta,Frontal beta relative power,C(Complexity)[T.1]:C(ExperienceGroup)[T.Low],10,15,-0.5271652024724106,-0.5064211578605884,0.02074404461182222,-1.7109356177115749,1.7524237069352195,parallel_descriptive_pairwise
eeg_F_beta,Frontal beta relative power,block,0,5,1.3981940145445202,1.1900044799083638,-0.20818953463615641,-2.7944970366234934,2.37811796735118,parallel_descriptive_pairwise
eeg_F_beta,Frontal beta relative power,block,0,10,1.3981940145445202,0.9987448540624749,-0.39944916048204526,-2.9294815132442356,2.1305831922801453,parallel_descriptive_pairwise
eeg_F_beta,Frontal beta relative power,block,0,15,1.3981940145445202,0.9877389726350148,-0.41045504190950544,-2.8598886906049974,2.0389786067859865,parallel_descriptive_pairwise
eeg_F_beta,Frontal beta relative power,block,5,10,1.1900044799083638,0.9987448540624749,-0.19125962584588885,-2.6006020692616403,2.2180828175698624,parallel_descriptive_pairwise
eeg_F_beta,Frontal beta relative power,block,5,15,1.1900044799083638,0.9877389726350148,-0.20226550727334902,-2.5268283700462426,2.122297355499544,parallel_descriptive_pairwise
eeg_F_beta,Frontal beta relative power,block,10,15,0.9987448540624749,0.9877389726350148,-0.011005881427460174,-2.272790511795771,2.2507787489408506,parallel_descriptive_pairwise
eeg_F_beta,Frontal beta relative power,position_centered,0,5,0.24548675802450784,0.23493537604159828,-0.010551381982909558,-0.3656958258105698,0.3445930618447507,parallel_descriptive_pairwise
eeg_F_beta,Frontal beta relative power,position_centered,0,10,0.24548675802450784,0.21552887802281268,-0.029957880001695164,-0.3787871747257441,0.3188714147223538,parallel_descriptive_pairwise
eeg_F_beta,Frontal beta relative power,position_centered,0,15,0.24548675802450784,0.18372452843190748,-0.06176222959260036,-0.40576884579792954,0.2822443866127288,parallel_descriptive_pairwise
eeg_F_beta,Frontal beta relative power,position_centered,5,10,0.23493537604159828,0.21552887802281268,-0.019406498018785606,-0.35679632061573385,0.3179833245781627,parallel_descriptive_pairwise
eeg_F_beta,Frontal beta relative power,position_centered,5,15,0.23493537604159828,0.18372452843190748,-0.0512108476096908,-0.3836120622996547,0.2811903670802731,parallel_descriptive_pairwise
eeg_F_beta,Frontal beta relative power,position_centered,10,15,0.21552887802281268,0.18372452843190748,-0.031804349590905195,-0.35744966032542624,0.2938409611436158,parallel_descriptive_pairwise
eeg_P_theta,Parietal theta relative power,Intercept,0,5,0.8072096349334911,0.8282707914156083,0.02106115648211726,-0.22806226837094232,0.27018458133517687,parallel_descriptive_pairwise
eeg_P_theta,Parietal theta relative power,Intercept,0,10,0.8072096349334911,0.8030723779244655,-0.004137257009025563,-0.26437138034223295,0.2560968663241818,parallel_descriptive_pairwise
eeg_P_theta,Parietal theta relative power,Intercept,0,15,0.8072096349334911,0.7793430450870599,-0.0278665898464312,-0.29124574639515144,0.23551256670228904,parallel_descriptive_pairwise
eeg_P_theta,Parietal theta relative power,Intercept,5,10,0.8282707914156083,0.8030723779244655,-0.025198413491142824,-0.289035646464235,0.23863881948194937,parallel_descriptive_pairwise
eeg_P_theta,Parietal theta relative power,Intercept,5,15,0.8282707914156083,0.7793430450870599,-0.04892774632854846,-0.3158675647524959,0.21801207209539897,parallel_descriptive_pairwise
eeg_P_theta,Parietal theta relative power,Intercept,10,15,0.8030723779244655,0.7793430450870599,-0.023729332837405637,-0.3010670057141625,0.25360834003935123,parallel_descriptive_pairwise
eeg_P_theta,Parietal theta relative power,C(WWR)[T.45],0,5,-0.05309287813063205,-0.061128164259081776,-0.008035286128449726,-0.16162228887479022,0.14555171661789076,parallel_descriptive_pairwise
eeg_P_theta,Parietal theta relative power,C(WWR)[T.45],0,10,-0.05309287813063205,-0.01772280299625043,0.03537007513438162,-0.10342177004847128,0.17416192031723451,parallel_descriptive_pairwise
eeg_P_theta,Parietal theta relative power,C(WWR)[T.45],0,15,-0.05309287813063205,-0.02032052697548152,0.03277235115515053,-0.10406028216654392,0.169604984476845,parallel_descriptive_pairwise
eeg_P_theta,Parietal theta relative power,C(WWR)[T.45],5,10,-0.061128164259081776,-0.01772280299625043,0.04340536126283134,-0.0927222892626399,0.17953301178830258,parallel_descriptive_pairwise
eeg_P_theta,Parietal theta relative power,C(WWR)[T.45],5,15,-0.061128164259081776,-0.02032052697548152,0.040807637283600255,-0.09332189149389566,0.1749371660610962,parallel_descriptive_pairwise
eeg_P_theta,Parietal theta relative power,C(WWR)[T.45],10,15,-0.01772280299625043,-0.02032052697548152,-0.0025977239792310917,-0.11949485553826342,0.11429940757980123,parallel_descriptive_pairwise
eeg_P_theta,Parietal theta relative power,C(WWR)[T.75],0,5,0.030916424397855323,0.019214670886950256,-0.011701753510905067,-0.19258708405935138,0.16918357703754122,parallel_descriptive_pairwise
eeg_P_theta,Parietal theta relative power,C(WWR)[T.75],0,10,0.030916424397855323,0.06905277182138403,0.038136347423528706,-0.14071983785679354,0.21699253270385094,parallel_descriptive_pairwise
eeg_P_theta,Parietal theta relative power,C(WWR)[T.75],0,15,0.030916424397855323,0.0869267615060115,0.05601033710815618,-0.12682199293419144,0.23884266715050378,parallel_descriptive_pairwise
eeg_P_theta,Parietal theta relative power,C(WWR)[T.75],5,10,0.019214670886950256,0.06905277182138403,0.04983810093443378,-0.1399541234662488,0.23963032533511636,parallel_descriptive_pairwise
eeg_P_theta,Parietal theta relative power,C(WWR)[T.75],5,15,0.019214670886950256,0.0869267615060115,0.06771209061906125,-0.12583173991718707,0.2612559211553096,parallel_descriptive_pairwise
eeg_P_theta,Parietal theta relative power,C(WWR)[T.75],10,15,0.06905277182138403,0.0869267615060115,0.017873989684627473,-0.1737747685791617,0.20952274794841663,parallel_descriptive_pairwise
eeg_P_theta,Parietal theta relative power,C(Complexity)[T.1],0,5,-0.014101775007673772,0.0021747300135515823,0.016276505021225355,-0.08001596346524131,0.11256897350769202,parallel_descriptive_pairwise
eeg_P_theta,Parietal theta relative power,C(Complexity)[T.1],0,10,-0.014101775007673772,0.05067774285693719,0.06477951786461096,-0.022630884993280087,0.152189920722502,parallel_descriptive_pairwise
eeg_P_theta,Parietal theta relative power,C(Complexity)[T.1],0,15,-0.014101775007673772,0.054178563308941545,0.06828033831661531,-0.019275612396306388,0.155836289029537,parallel_descriptive_pairwise
eeg_P_theta,Parietal theta relative power,C(Complexity)[T.1],5,10,0.0021747300135515823,0.05067774285693719,0.04850301284338561,-0.03926761286782282,0.13627363855459404,parallel_descriptive_pairwise
eeg_P_theta,Parietal theta relative power,C(Complexity)[T.1],5,15,0.0021747300135515823,0.054178563308941545,0.05200383329538996,-0.035911743909118055,0.13991941049989798,parallel_descriptive_pairwise
eeg_P_theta,Parietal theta relative power,C(Complexity)[T.1],10,15,0.05067774285693719,0.054178563308941545,0.0035008204520043523,-0.07458559165511862,0.08158723255912732,parallel_descriptive_pairwise
eeg_P_theta,Parietal theta relative power,C(ExperienceGroup)[T.Low],0,5,-0.136636807490702,-0.13519859338342918,0.0014382141072728227,-0.17613698307675676,0.1790134112913024,parallel_descriptive_pairwise
eeg_P_theta,Parietal theta relative power,C(ExperienceGroup)[T.Low],0,10,-0.136636807490702,-0.09307869475925347,0.04355811273144854,-0.13730188372420654,0.2244181091871036,parallel_descriptive_pairwise
eeg_P_theta,Parietal theta relative power,C(ExperienceGroup)[T.Low],0,15,-0.136636807490702,-0.08795716248647026,0.04867964500423175,-0.13799953954203956,0.23535882955050305,parallel_descriptive_pairwise
eeg_P_theta,Parietal theta relative power,C(ExperienceGroup)[T.Low],5,10,-0.13519859338342918,-0.09307869475925347,0.042119898624175714,-0.1408786227965333,0.2251184200448847,parallel_descriptive_pairwise
eeg_P_theta,Parietal theta relative power,C(ExperienceGroup)[T.Low],5,15,-0.13519859338342918,-0.08795716248647026,0.047241430896958925,-0.14151035973583728,0.23599322152975513,parallel_descriptive_pairwise
eeg_P_theta,Parietal theta relative power,C(ExperienceGroup)[T.Low],10,15,-0.09307869475925347,-0.08795716248647026,0.005121532272783211,-0.18672378596584233,0.19696685051140872,parallel_descriptive_pairwise
eeg_P_theta,Parietal theta relative power,C(Gender)[T.Male],0,5,-0.1807381415360228,-0.18413537466471955,-0.003397233128696747,-0.16650249807596657,0.15970803181857307,parallel_descriptive_pairwise
eeg_P_theta,Parietal theta relative power,C(Gender)[T.Male],0,10,-0.1807381415360228,-0.19290194784478978,-0.012163806308766983,-0.17736930324686773,0.15304169062933376,parallel_descriptive_pairwise
eeg_P_theta,Parietal theta relative power,C(Gender)[T.Male],0,15,-0.1807381415360228,-0.19496382716669866,-0.01422568563067586,-0.17728251026433536,0.14883113900298364,parallel_descriptive_pairwise
eeg_P_theta,Parietal theta relative power,C(Gender)[T.Male],5,10,-0.18413537466471955,-0.19290194784478978,-0.008766573180070236,-0.17202548953557906,0.15449234317543858,parallel_descriptive_pairwise
eeg_P_theta,Parietal theta relative power,C(Gender)[T.Male],5,15,-0.18413537466471955,-0.19496382716669866,-0.010828452501979113,-0.1719127335806188,0.15025582857666056,parallel_descriptive_pairwise
eeg_P_theta,Parietal theta relative power,C(Gender)[T.Male],10,15,-0.19290194784478978,-0.19496382716669866,-0.002061879321908877,-0.16527240096701584,0.1611486423231981,parallel_descriptive_pairwise
eeg_P_theta,Parietal theta relative power,C(OrderGroup)[T.2],0,5,0.039849258670683,0.032720038528542016,-0.007129220142140985,-0.16864022950464216,0.1543817892203602,parallel_descriptive_pairwise
eeg_P_theta,Parietal theta relative power,C(OrderGroup)[T.2],0,10,0.039849258670683,0.02095313164831097,-0.01889612702237203,-0.18168606708894036,0.1438938130441963,parallel_descriptive_pairwise
eeg_P_theta,Parietal theta relative power,C(OrderGroup)[T.2],0,15,0.039849258670683,0.025254388423231296,-0.014594870247451704,-0.1753660412300723,0.14617630073516888,parallel_descriptive_pairwise
eeg_P_theta,Parietal theta relative power,C(OrderGroup)[T.2],5,10,0.032720038528542016,0.02095313164831097,-0.011766906880231045,-0.17282274027522815,0.14928892651476605,parallel_descriptive_pairwise
eeg_P_theta,Parietal theta relative power,C(OrderGroup)[T.2],5,15,0.032720038528542016,0.025254388423231296,-0.007465650105310719,-0.16648070065966294,0.1515494004490415,parallel_descriptive_pairwise
eeg_P_theta,Parietal theta relative power,C(OrderGroup)[T.2],10,15,0.02095313164831097,0.025254388423231296,0.004301256774920326,-0.1560126376459506,0.16461515119579126,parallel_descriptive_pairwise
eeg_P_theta,Parietal theta relative power,C(WWR)[T.45]:C(Complexity)[T.1],0,5,0.052632226793595124,0.03378852860870861,-0.018843698184886515,-0.14056294858200763,0.1028755522122346,parallel_descriptive_pairwise
eeg_P_theta,Parietal theta relative power,C(WWR)[T.45]:C(Complexity)[T.1],0,10,0.052632226793595124,0.008277817723022296,-0.04435440907057283,-0.16251009876717604,0.07380128062603039,parallel_descriptive_pairwise
eeg_P_theta,Parietal theta relative power,C(WWR)[T.45]:C(Complexity)[T.1],0,15,0.052632226793595124,-0.02914540948489298,-0.08177763627848811,-0.20076285068686323,0.03720757812988701,parallel_descriptive_pairwise
eeg_P_theta,Parietal theta relative power,C(WWR)[T.45]:C(Complexity)[T.1],5,10,0.03378852860870861,0.008277817723022296,-0.025510710885686315,-0.14225165739234275,0.0912302356209701,parallel_descriptive_pairwise
eeg_P_theta,Parietal theta relative power,C(WWR)[T.45]:C(Complexity)[T.1],5,15,0.03378852860870861,-0.02914540948489298,-0.0629339380936016,-0.18051439068414504,0.05464651449694184,parallel_descriptive_pairwise
eeg_P_theta,Parietal theta relative power,C(WWR)[T.45]:C(Complexity)[T.1],10,15,0.008277817723022296,-0.02914540948489298,-0.03742322720791528,-0.1513106888612507,0.07646423444542014,parallel_descriptive_pairwise
eeg_P_theta,Parietal theta relative power,C(WWR)[T.75]:C(Complexity)[T.1],0,5,0.07159858534806703,0.053326629225301056,-0.01827195612276597,-0.21036258717977685,0.1738186749342449,parallel_descriptive_pairwise
eeg_P_theta,Parietal theta relative power,C(WWR)[T.75]:C(Complexity)[T.1],0,10,0.07159858534806703,0.022277030242072716,-0.049321555105994314,-0.23530775160094258,0.13666464138895396,parallel_descriptive_pairwise
eeg_P_theta,Parietal theta relative power,C(WWR)[T.75]:C(Complexity)[T.1],0,15,0.07159858534806703,0.00897531575077864,-0.06262326959728838,-0.2492099449256016,0.12396340573102486,parallel_descriptive_pairwise
eeg_P_theta,Parietal theta relative power,C(WWR)[T.75]:C(Complexity)[T.1],5,10,0.053326629225301056,0.022277030242072716,-0.03104959898322834,-0.21262095845687912,0.15052176049042243,parallel_descriptive_pairwise
eeg_P_theta,Parietal theta relative power,C(WWR)[T.75]:C(Complexity)[T.1],5,15,0.053326629225301056,0.00897531575077864,-0.04435131347452242,-0.22653770348356125,0.1378350765345164,parallel_descriptive_pairwise
eeg_P_theta,Parietal theta relative power,C(WWR)[T.75]:C(Complexity)[T.1],10,15,0.022277030242072716,0.00897531575077864,-0.013301714491294076,-0.1890399728509991,0.16243654386841094,parallel_descriptive_pairwise
eeg_P_theta,Parietal theta relative power,C(WWR)[T.45]:C(ExperienceGroup)[T.Low],0,5,-0.008587361001863726,0.007808642970731408,0.016396003972595136,-0.13410648937575087,0.16689849732094114,parallel_descriptive_pairwise
eeg_P_theta,Parietal theta relative power,C(WWR)[T.45]:C(ExperienceGroup)[T.Low],0,10,-0.008587361001863726,-0.015857682489342037,-0.007270321487478311,-0.14968285853654356,0.13514221556158695,parallel_descriptive_pairwise
eeg_P_theta,Parietal theta relative power,C(WWR)[T.45]:C(ExperienceGroup)[T.Low],0,15,-0.008587361001863726,-0.0048119672309961834,0.0037753937708675427,-0.13082435187661054,0.13837513941834564,parallel_descriptive_pairwise
eeg_P_theta,Parietal theta relative power,C(WWR)[T.45]:C(ExperienceGroup)[T.Low],5,10,0.007808642970731408,-0.015857682489342037,-0.023666325460073447,-0.16230803262802587,0.11497538170787899,parallel_descriptive_pairwise
eeg_P_theta,Parietal theta relative power,C(WWR)[T.45]:C(ExperienceGroup)[T.Low],5,15,0.007808642970731408,-0.0048119672309961834,-0.01262061020172759,-0.14322414685391283,0.11798292645045766,parallel_descriptive_pairwise
eeg_P_theta,Parietal theta relative power,C(WWR)[T.45]:C(ExperienceGroup)[T.Low],10,15,-0.015857682489342037,-0.0048119672309961834,0.011045715258345853,-0.11014675146603901,0.1322381819827307,parallel_descriptive_pairwise
eeg_P_theta,Parietal theta relative power,C(WWR)[T.75]:C(ExperienceGroup)[T.Low],0,5,-0.07185984435749687,-0.04629826286766564,0.02556158148983123,-0.16416130126173412,0.21528446424139658,parallel_descriptive_pairwise
eeg_P_theta,Parietal theta relative power,C(WWR)[T.75]:C(ExperienceGroup)[T.Low],0,10,-0.07185984435749687,-0.07646091885331409,-0.004601074495817217,-0.20233990851127026,0.1931377595196358,parallel_descriptive_pairwise
eeg_P_theta,Parietal theta relative power,C(WWR)[T.75]:C(ExperienceGroup)[T.Low],0,15,-0.07185984435749687,-0.09133776385547322,-0.01947791949797635,-0.22727991304696848,0.18832407405101576,parallel_descriptive_pairwise
eeg_P_theta,Parietal theta relative power,C(WWR)[T.75]:C(ExperienceGroup)[T.Low],5,10,-0.04629826286766564,-0.07646091885331409,-0.03016265598564845,-0.23035077801560877,0.1700254660443119,parallel_descriptive_pairwise
eeg_P_theta,Parietal theta relative power,C(WWR)[T.75]:C(ExperienceGroup)[T.Low],5,15,-0.04629826286766564,-0.09133776385547322,-0.04503950098780758,-0.2551735207157583,0.16509451874014308,parallel_descriptive_pairwise
eeg_P_theta,Parietal theta relative power,C(WWR)[T.75]:C(ExperienceGroup)[T.Low],10,15,-0.07646091885331409,-0.09133776385547322,-0.014876845002159134,-0.2322755121674696,0.20252182216315134,parallel_descriptive_pairwise
eeg_P_theta,Parietal theta relative power,C(Complexity)[T.1]:C(ExperienceGroup)[T.Low],0,5,-0.020748004864285432,-0.02401487826464738,-0.0032668734003619485,-0.10194411801571049,0.0954103712149866,parallel_descriptive_pairwise
eeg_P_theta,Parietal theta relative power,C(Complexity)[T.1]:C(ExperienceGroup)[T.Low],0,10,-0.020748004864285432,-0.05223588863184388,-0.03148788376755844,-0.1338980252643179,0.07092225772920102,parallel_descriptive_pairwise
eeg_P_theta,Parietal theta relative power,C(Complexity)[T.1]:C(ExperienceGroup)[T.Low],0,15,-0.020748004864285432,-0.04658862719006565,-0.02584062232578022,-0.12655965951731774,0.0748784148657573,parallel_descriptive_pairwise
eeg_P_theta,Parietal theta relative power,C(Complexity)[T.1]:C(ExperienceGroup)[T.Low],5,10,-0.02401487826464738,-0.05223588863184388,-0.028221010367196497,-0.13347226789539798,0.07703024716100498,parallel_descriptive_pairwise
eeg_P_theta,Parietal theta relative power,C(Complexity)[T.1]:C(ExperienceGroup)[T.Low],5,15,-0.02401487826464738,-0.04658862719006565,-0.02257374892541827,-0.12618028628031597,0.08103278842947943,parallel_descriptive_pairwise
eeg_P_theta,Parietal theta relative power,C(Complexity)[T.1]:C(ExperienceGroup)[T.Low],10,15,-0.05223588863184388,-0.04658862719006565,0.005647261441778226,-0.10152061181873197,0.11281513470228842,parallel_descriptive_pairwise
eeg_P_theta,Parietal theta relative power,block,0,5,0.0073783040277266565,-0.009901373084365946,-0.017279677112092603,-0.11242329476049569,0.07786394053631047,parallel_descriptive_pairwise
eeg_P_theta,Parietal theta relative power,block,0,10,0.0073783040277266565,-0.02549289216497455,-0.03287119619270121,-0.12377062661934511,0.058028234233942697,parallel_descriptive_pairwise
eeg_P_theta,Parietal theta relative power,block,0,15,0.0073783040277266565,-0.015683017439738364,-0.02306132146746502,-0.11221435151051397,0.06609170857558393,parallel_descriptive_pairwise
eeg_P_theta,Parietal theta relative power,block,5,10,-0.009901373084365946,-0.02549289216497455,-0.015591519080608605,-0.10010517484066168,0.06892213667944448,parallel_descriptive_pairwise
eeg_P_theta,Parietal theta relative power,block,5,15,-0.009901373084365946,-0.015683017439738364,-0.005781644355372418,-0.0884140491606137,0.07685076044986887,parallel_descriptive_pairwise
eeg_P_theta,Parietal theta relative power,block,10,15,-0.02549289216497455,-0.015683017439738364,0.009809874725236187,-0.06789799358010354,0.08751774303057591,parallel_descriptive_pairwise
eeg_P_theta,Parietal theta relative power,position_centered,0,5,-0.0006392904824460528,-0.0037481657629374943,-0.0031088752804914414,-0.02254059104432147,0.016322840483338583,parallel_descriptive_pairwise
eeg_P_theta,Parietal theta relative power,position_centered,0,10,-0.0006392904824460528,-0.0036164347534105154,-0.002977144270964463,-0.022448268507247966,0.01649397996531904,parallel_descriptive_pairwise
eeg_P_theta,Parietal theta relative power,position_centered,0,15,-0.0006392904824460528,-0.007157030082222502,-0.00651773959977645,-0.02427524705752915,0.011239767857976254,parallel_descriptive_pairwise
eeg_P_theta,Parietal theta relative power,position_centered,5,10,-0.0037481657629374943,-0.0036164347534105154,0.00013173100952697898,-0.019291230929303824,0.019554692948357783,parallel_descriptive_pairwise
eeg_P_theta,Parietal theta relative power,position_centered,5,15,-0.0037481657629374943,-0.007157030082222502,-0.003408864319285008,-0.021113548517672342,0.014295819879102325,parallel_descriptive_pairwise
eeg_P_theta,Parietal theta relative power,position_centered,10,15,-0.0036164347534105154,-0.007157030082222502,-0.003540595328811987,-0.021288523209641697,0.014207332552017725,parallel_descriptive_pairwise
eeg_P_alpha,Parietal alpha relative power,Intercept,0,5,0.585218020964812,0.6034773145922447,0.018259293627432727,-0.4857299810633584,0.5222485683182239,parallel_descriptive_pairwise
eeg_P_alpha,Parietal alpha relative power,Intercept,0,10,0.585218020964812,0.5977445781414965,0.012526557176684494,-0.5083906390507094,0.5334437534040783,parallel_descriptive_pairwise
eeg_P_alpha,Parietal alpha relative power,Intercept,0,15,0.585218020964812,0.6182608527594667,0.033042831794654726,-0.5014572463466027,0.5675429099359122,parallel_descriptive_pairwise
eeg_P_alpha,Parietal alpha relative power,Intercept,5,10,0.6034773145922447,0.5977445781414965,-0.005732736450748233,-0.5366273821221342,0.5251619092206378,parallel_descriptive_pairwise
eeg_P_alpha,Parietal alpha relative power,Intercept,5,15,0.6034773145922447,0.6182608527594667,0.014783538167221999,-0.5294450287145136,0.5590121050489576,parallel_descriptive_pairwise
eeg_P_alpha,Parietal alpha relative power,Intercept,10,15,0.5977445781414965,0.6182608527594667,0.02051627461797023,-0.5394250342102024,0.5804575834461428,parallel_descriptive_pairwise
eeg_P_alpha,Parietal alpha relative power,C(WWR)[T.45],0,5,-0.1603465582452129,-0.1868202443376096,-0.026473686092396698,-0.2659467689107353,0.21299939672594193,parallel_descriptive_pairwise
eeg_P_alpha,Parietal alpha relative power,C(WWR)[T.45],0,10,-0.1603465582452129,-0.18272481743903576,-0.022378259193822858,-0.27126319309963104,0.22650667471198532,parallel_descriptive_pairwise
eeg_P_alpha,Parietal alpha relative power,C(WWR)[T.45],0,15,-0.1603465582452129,-0.20634457300274772,-0.045998014757534816,-0.3063533526323171,0.2143573231172475,parallel_descriptive_pairwise
eeg_P_alpha,Parietal alpha relative power,C(WWR)[T.45],5,10,-0.1868202443376096,-0.18272481743903576,0.00409542689857384,-0.24291919866835457,0.2511100524655022,parallel_descriptive_pairwise
eeg_P_alpha,Parietal alpha relative power,C(WWR)[T.45],5,15,-0.1868202443376096,-0.20634457300274772,-0.01952432866513812,-0.27809234075975786,0.23904368342948165,parallel_descriptive_pairwise
eeg_P_alpha,Parietal alpha relative power,C(WWR)[T.45],10,15,-0.18272481743903576,-0.20634457300274772,-0.02361975556371196,-0.29092813517299965,0.2436886240455757,parallel_descriptive_pairwise
eeg_P_alpha,Parietal alpha relative power,C(WWR)[T.75],0,5,0.0039458822033028975,0.003717644510318507,-0.00022823769298439042,-0.26867271976360213,0.2682162443776333,parallel_descriptive_pairwise
eeg_P_alpha,Parietal alpha relative power,C(WWR)[T.75],0,10,0.0039458822033028975,0.027631331606862427,0.02368544940355953,-0.2580544647824023,0.3054253635895214,parallel_descriptive_pairwise
eeg_P_alpha,Parietal alpha relative power,C(WWR)[T.75],0,15,0.0039458822033028975,0.026489428677892887,0.02254354647458999,-0.26717823710471644,0.31226533005389645,parallel_descriptive_pairwise
eeg_P_alpha,Parietal alpha relative power,C(WWR)[T.75],5,10,0.003717644510318507,0.027631331606862427,0.02391368709654392,-0.2689358027314656,0.3167631769245534,parallel_descriptive_pairwise
eeg_P_alpha,Parietal alpha relative power,C(WWR)[T.75],5,15,0.003717644510318507,0.026489428677892887,0.02277178416757438,-0.2777646634180501,0.32330823175319884,parallel_descriptive_pairwise
eeg_P_alpha,Parietal alpha relative power,C(WWR)[T.75],10,15,0.027631331606862427,0.026489428677892887,-0.0011419029289695404,-0.31361125441601984,0.31132744855808075,parallel_descriptive_pairwise
eeg_P_alpha,Parietal alpha relative power,C(Complexity)[T.1],0,5,-0.03626552785297217,-0.017164219983254264,0.019101307869717907,-0.17015682050457326,0.2083594362440091,parallel_descriptive_pairwise
eeg_P_alpha,Parietal alpha relative power,C(Complexity)[T.1],0,10,-0.03626552785297217,0.012126018017423492,0.048391545870395666,-0.1544246779681827,0.25120776970897407,parallel_descriptive_pairwise
eeg_P_alpha,Parietal alpha relative power,C(Complexity)[T.1],0,15,-0.03626552785297217,0.015711710116186002,0.05197723796915817,-0.15600909098567453,0.25996356692399086,parallel_descriptive_pairwise
eeg_P_alpha,Parietal alpha relative power,C(Complexity)[T.1],5,10,-0.017164219983254264,0.012126018017423492,0.029290238000677756,-0.18235424528567243,0.24093472128702795,parallel_descriptive_pairwise
eeg_P_alpha,Parietal alpha relative power,C(Complexity)[T.1],5,15,-0.017164219983254264,0.015711710116186002,0.032875930099440266,-0.18372803959066886,0.24947989978954938,parallel_descriptive_pairwise
eeg_P_alpha,Parietal alpha relative power,C(Complexity)[T.1],10,15,0.012126018017423492,0.015711710116186002,0.00358569209876251,-0.22495984205562514,0.23213122625315014,parallel_descriptive_pairwise
eeg_P_alpha,Parietal alpha relative power,C(ExperienceGroup)[T.Low],0,5,0.02696558358693327,0.034284986679707606,0.0073194030927743355,-0.523750416437158,0.5383892226227067,parallel_descriptive_pairwise
eeg_P_alpha,Parietal alpha relative power,C(ExperienceGroup)[T.Low],0,10,0.02696558358693327,0.05927094097523306,0.03230535738829979,-0.5231689739472758,0.5877796887238753,parallel_descriptive_pairwise
eeg_P_alpha,Parietal alpha relative power,C(ExperienceGroup)[T.Low],0,15,0.02696558358693327,0.050939325585144295,0.023973741998211024,-0.5536891694337415,0.6016366534301635,parallel_descriptive_pairwise
eeg_P_alpha,Parietal alpha relative power,C(ExperienceGroup)[T.Low],5,10,0.034284986679707606,0.05927094097523306,0.024985954295525456,-0.5483812447500631,0.5983531533411139,parallel_descriptive_pairwise
eeg_P_alpha,Parietal alpha relative power,C(ExperienceGroup)[T.Low],5,15,0.034284986679707606,0.050939325585144295,0.01665433890543669,-0.5782344333980239,0.6115431112088973,parallel_descriptive_pairwise
eeg_P_alpha,Parietal alpha relative power,C(ExperienceGroup)[T.Low],10,15,0.05927094097523306,0.050939325585144295,-0.008331615390088767,-0.6251048565167353,0.6084416257365578,parallel_descriptive_pairwise
eeg_P_alpha,Parietal alpha relative power,C(Gender)[T.Male],0,5,-0.31067114027231457,-0.3117420241339862,-0.0010708838616716454,-0.49462342287440175,0.49248165515105846,parallel_descriptive_pairwise
eeg_P_alpha,Parietal alpha relative power,C(Gender)[T.Male],0,10,-0.31067114027231457,-0.32228197775141304,-0.011610837479098468,-0.5171720810142977,0.4939504060561008,parallel_descriptive_pairwise
eeg_P_alpha,Parietal alpha relative power,C(Gender)[T.Male],0,15,-0.31067114027231457,-0.33074066242104844,-0.020069522148733865,-0.5370241132971312,0.4968850689996635,parallel_descriptive_pairwise
eeg_P_alpha,Parietal alpha relative power,C(Gender)[T.Male],5,10,-0.3117420241339862,-0.32228197775141304,-0.010539953617426823,-0.5278019696505196,0.5067220624156659,parallel_descriptive_pairwise
eeg_P_alpha,Parietal alpha relative power,C(Gender)[T.Male],5,15,-0.3117420241339862,-0.33074066242104844,-0.01899863828706222,-0.5474017718651751,0.5094044952910506,parallel_descriptive_pairwise
eeg_P_alpha,Parietal alpha relative power,C(Gender)[T.Male],10,15,-0.32228197775141304,-0.33074066242104844,-0.008458684669635397,-0.5480955382796475,0.5311781689403767,parallel_descriptive_pairwise
eeg_P_alpha,Parietal alpha relative power,C(OrderGroup)[T.2],0,5,0.10903840291749069,0.09550298046632841,-0.01353542245116228,-0.5061930772278932,0.4791222323255686,parallel_descriptive_pairwise
eeg_P_alpha,Parietal alpha relative power,C(OrderGroup)[T.2],0,10,0.10903840291749069,0.09091853485031341,-0.018119868067177275,-0.5232234352107844,0.4869836990764299,parallel_descriptive_pairwise
eeg_P_alpha,Parietal alpha relative power,C(OrderGroup)[T.2],0,15,0.10903840291749069,0.09126747461163186,-0.01777092830585883,-0.5346520555975975,0.49911019898587994,parallel_descriptive_pairwise
eeg_P_alpha,Parietal alpha relative power,C(OrderGroup)[T.2],5,10,0.09550298046632841,0.09091853485031341,-0.0045844456160149955,-0.5218112081001047,0.5126423168680747,parallel_descriptive_pairwise
eeg_P_alpha,Parietal alpha relative power,C(OrderGroup)[T.2],5,15,0.09550298046632841,0.09126747461163186,-0.00423550585469655,-0.5329698531775796,0.5244988414681865,parallel_descriptive_pairwise
eeg_P_alpha,Parietal alpha relative power,C(OrderGroup)[T.2],10,15,0.09091853485031341,0.09126747461163186,0.0003489397613184453,-0.5400010012676808,0.5406988807903177,parallel_descriptive_pairwise
eeg_P_alpha,Parietal alpha relative power,C(WWR)[T.45]:C(Complexity)[T.1],0,5,0.011095664391231832,-0.018320746877629922,-0.029416411268861756,-0.23249310936775253,0.173660286830029,parallel_descriptive_pairwise
eeg_P_alpha,Parietal alpha relative power,C(WWR)[T.45]:C(Complexity)[T.1],0,10,0.011095664391231832,-0.04431497362270751,-0.05541063801393934,-0.26115603040770613,0.15033475437982746,parallel_descriptive_pairwise
eeg_P_alpha,Parietal alpha relative power,C(WWR)[T.45]:C(Complexity)[T.1],0,15,0.011095664391231832,-0.03904940581396002,-0.05014507020519185,-0.2583577172312824,0.15806757682089875,parallel_descriptive_pairwise
eeg_P_alpha,Parietal alpha relative power,C(WWR)[T.45]:C(Complexity)[T.1],5,10,-0.018320746877629922,-0.04431497362270751,-0.02599422674507759,-0.23252631302827212,0.18053785953811693,parallel_descriptive_pairwise
eeg_P_alpha,Parietal alpha relative power,C(WWR)[T.45]:C(Complexity)[T.1],5,15,-0.018320746877629922,-0.03904940581396002,-0.020728658936330097,-0.22971871265859517,0.18826139478593495,parallel_descriptive_pairwise
eeg_P_alpha,Parietal alpha relative power,C(WWR)[T.45]:C(Complexity)[T.1],10,15,-0.04431497362270751,-0.03904940581396002,0.005265567808747491,-0.20631860866802096,0.21684974428551593,parallel_descriptive_pairwise
eeg_P_alpha,Parietal alpha relative power,C(WWR)[T.75]:C(Complexity)[T.1],0,5,-0.07169016079201798,-0.10189704202330853,-0.030206881231290547,-0.27207388176978725,0.21166011930720618,parallel_descriptive_pairwise
eeg_P_alpha,Parietal alpha relative power,C(WWR)[T.75]:C(Complexity)[T.1],0,10,-0.07169016079201798,-0.1257221861673678,-0.05403202537534982,-0.30303086548506153,0.19496681473436192,parallel_descriptive_pairwise
eeg_P_alpha,Parietal alpha relative power,C(WWR)[T.75]:C(Complexity)[T.1],0,15,-0.07169016079201798,-0.13697158578065496,-0.06528142498863698,-0.3221130190356733,0.19155016905839933,parallel_descriptive_pairwise
eeg_P_alpha,Parietal alpha relative power,C(WWR)[T.75]:C(Complexity)[T.1],5,10,-0.10189704202330853,-0.1257221861673678,-0.02382514414405927,-0.27475981437106667,0.2271095260829481,parallel_descriptive_pairwise
eeg_P_alpha,Parietal alpha relative power,C(WWR)[T.75]:C(Complexity)[T.1],5,15,-0.10189704202330853,-0.13697158578065496,-0.035074543757346435,-0.29378336472543165,0.2236342772107388,parallel_descriptive_pairwise
eeg_P_alpha,Parietal alpha relative power,C(WWR)[T.75]:C(Complexity)[T.1],10,15,-0.1257221861673678,-0.13697158578065496,-0.011249399613287164,-0.276637851647639,0.2541390524210646,parallel_descriptive_pairwise
eeg_P_alpha,Parietal alpha relative power,C(WWR)[T.45]:C(ExperienceGroup)[T.Low],0,5,0.19708546347452477,0.2425923286151839,0.04550686514065913,-0.2487483585179929,0.33976208879931113,parallel_descriptive_pairwise
eeg_P_alpha,Parietal alpha relative power,C(WWR)[T.45]:C(ExperienceGroup)[T.Low],0,10,0.19708546347452477,0.2518094515646049,0.05472398809008011,-0.24792153325491206,0.3573695094350723,parallel_descriptive_pairwise
eeg_P_alpha,Parietal alpha relative power,C(WWR)[T.45]:C(ExperienceGroup)[T.Low],0,15,0.19708546347452477,0.25600490468335285,0.05891944120882808,-0.25125487115260253,0.3690937535702587,parallel_descriptive_pairwise
eeg_P_alpha,Parietal alpha relative power,C(WWR)[T.45]:C(ExperienceGroup)[T.Low],5,10,0.2425923286151839,0.2518094515646049,0.00921712294942098,-0.2891395648266708,0.3075738107255127,parallel_descriptive_pairwise
eeg_P_alpha,Parietal alpha relative power,C(WWR)[T.45]:C(ExperienceGroup)[T.Low],5,15,0.2425923286151839,0.25600490468335285,0.013412576068168952,-0.2925784460214088,0.31940359815774677,parallel_descriptive_pairwise
eeg_P_alpha,Parietal alpha relative power,C(WWR)[T.45]:C(ExperienceGroup)[T.Low],10,15,0.2518094515646049,0.25600490468335285,0.0041954531187479716,-0.3098725021699177,0.31826340840741363,parallel_descriptive_pairwise
eeg_P_alpha,Parietal alpha relative power,C(WWR)[T.75]:C(ExperienceGroup)[T.Low],0,5,0.04515534674840443,0.06212271328756809,0.016967366539163663,-0.2304335987894241,0.26436833186775144,parallel_descriptive_pairwise
eeg_P_alpha,Parietal alpha relative power,C(WWR)[T.75]:C(ExperienceGroup)[T.Low],0,10,0.04515534674840443,0.04264007358020223,-0.0025152731682022006,-0.2629878561954296,0.25795730985902515,parallel_descriptive_pairwise
eeg_P_alpha,Parietal alpha relative power,C(WWR)[T.75]:C(ExperienceGroup)[T.Low],0,15,0.04515534674840443,0.032888678294228556,-0.012266668454175872,-0.283870522677271,0.2593371857689192,parallel_descriptive_pairwise
eeg_P_alpha,Parietal alpha relative power,C(WWR)[T.75]:C(ExperienceGroup)[T.Low],5,10,0.06212271328756809,0.04264007358020223,-0.019482639707365863,-0.2828526732884083,0.24388739387367658,parallel_descriptive_pairwise
eeg_P_alpha,Parietal alpha relative power,C(WWR)[T.75]:C(ExperienceGroup)[T.Low],5,15,0.06212271328756809,0.032888678294228556,-0.029234034993339535,-0.30361782042615965,0.24514975043948056,parallel_descriptive_pairwise
eeg_P_alpha,Parietal alpha relative power,C(WWR)[T.75]:C(ExperienceGroup)[T.Low],10,15,0.04264007358020223,0.032888678294228556,-0.009751395285973671,-0.29597716381809347,0.2764743732461461,parallel_descriptive_pairwise
eeg_P_alpha,Parietal alpha relative power,C(Complexity)[T.1]:C(ExperienceGroup)[T.Low],0,5,-0.028309638543330493,-0.031583030682284324,-0.003273392138953831,-0.2308490053635192,0.22430222108561154,parallel_descriptive_pairwise
eeg_P_alpha,Parietal alpha relative power,C(Complexity)[T.1]:C(ExperienceGroup)[T.Low],0,10,-0.028309638543330493,-0.05130940645441839,-0.022999767911087893,-0.26588191452642346,0.21988237870424765,parallel_descriptive_pairwise
eeg_P_alpha,Parietal alpha relative power,C(Complexity)[T.1]:C(ExperienceGroup)[T.Low],0,15,-0.028309638543330493,-0.043959125453546584,-0.01564948691021609,-0.2662485939119002,0.234949620091468,parallel_descriptive_pairwise
eeg_P_alpha,Parietal alpha relative power,C(Complexity)[T.1]:C(ExperienceGroup)[T.Low],5,10,-0.031583030682284324,-0.05130940645441839,-0.019726375772134062,-0.27270899862323184,0.23325624707896372,parallel_descriptive_pairwise
eeg_P_alpha,Parietal alpha relative power,C(Complexity)[T.1]:C(ExperienceGroup)[T.Low],5,15,-0.031583030682284324,-0.043959125453546584,-0.01237609477126226,-0.27277652247864703,0.2480243329361225,parallel_descriptive_pairwise
eeg_P_alpha,Parietal alpha relative power,C(Complexity)[T.1]:C(ExperienceGroup)[T.Low],10,15,-0.05130940645441839,-0.043959125453546584,0.007350281000871803,-0.26652826901742604,0.2812288310191697,parallel_descriptive_pairwise
eeg_P_alpha,Parietal alpha relative power,block,0,5,0.2555050222291544,0.25327158563081864,-0.0022334365983357474,-0.11747669190748501,0.11300981871081352,parallel_descriptive_pairwise
eeg_P_alpha,Parietal alpha relative power,block,0,10,0.2555050222291544,0.2596989965706043,0.004193974341449913,-0.11469286793029396,0.12308081661319378,parallel_descriptive_pairwise
eeg_P_alpha,Parietal alpha relative power,block,0,15,0.2555050222291544,0.2681961554295677,0.012691133200413318,-0.10904290395554553,0.13442517035637216,parallel_descriptive_pairwise
eeg_P_alpha,Parietal alpha relative power,block,5,10,0.25327158563081864,0.2596989965706043,0.0064274109397856605,-0.1137040875721184,0.12655890945168974,parallel_descriptive_pairwise
eeg_P_alpha,Parietal alpha relative power,block,5,15,0.25327158563081864,0.2681961554295677,0.014924569798749066,-0.10802530401841867,0.1378744436159168,parallel_descriptive_pairwise
eeg_P_alpha,Parietal alpha relative power,block,10,15,0.2596989965706043,0.2681961554295677,0.008497158858963405,-0.11787429694793239,0.1348686146658592,parallel_descriptive_pairwise
eeg_P_alpha,Parietal alpha relative power,position_centered,0,5,0.03785274458380712,0.03779227432410126,-6.047025970586095e-05,-0.03652783366213716,0.03640689314272544,parallel_descriptive_pairwise
eeg_P_alpha,Parietal alpha relative power,position_centered,0,10,0.03785274458380712,0.038805089136353985,0.0009523445525468632,-0.03534037794603529,0.03724506705112902,parallel_descriptive_pairwise
eeg_P_alpha,Parietal alpha relative power,position_centered,0,15,0.03785274458380712,0.0388656635296787,0.001012918945871577,-0.03536818306014993,0.037394020951893085,parallel_descriptive_pairwise
eeg_P_alpha,Parietal alpha relative power,position_centered,5,10,0.03779227432410126,0.038805089136353985,0.0010128148122527242,-0.0340259338711,0.03605156349560545,parallel_descriptive_pairwise
eeg_P_alpha,Parietal alpha relative power,position_centered,5,15,0.03779227432410126,0.0388656635296787,0.001073389205577438,-0.03405689382927161,0.036203672240426484,parallel_descriptive_pairwise
eeg_P_alpha,Parietal alpha relative power,position_centered,10,15,0.038805089136353985,0.0388656635296787,6.0574393324713816e-05,-0.03488838694950646,0.03500953573615589,parallel_descriptive_pairwise
eeg_P_beta,Parietal beta relative power,Intercept,0,5,0.6684752597590984,0.7184138710852405,0.04993861132614208,-1.4205405349845237,1.5204177576368076,parallel_descriptive_pairwise
eeg_P_beta,Parietal beta relative power,Intercept,0,10,0.6684752597590984,0.6968172755623699,0.02834201580327156,-1.43983603503272,1.4965200666392628,parallel_descriptive_pairwise
eeg_P_beta,Parietal beta relative power,Intercept,0,15,0.6684752597590984,0.6782510433076155,0.009775783548517158,-1.4710143896849113,1.4905659567819454,parallel_descriptive_pairwise
eeg_P_beta,Parietal beta relative power,Intercept,5,10,0.7184138710852405,0.6968172755623699,-0.02159659552287052,-1.448086215278393,1.404893024232652,parallel_descriptive_pairwise
eeg_P_beta,Parietal beta relative power,Intercept,5,15,0.7184138710852405,0.6782510433076155,-0.04016282777762492,-1.4796298761876852,1.3993042206324353,parallel_descriptive_pairwise
eeg_P_beta,Parietal beta relative power,Intercept,10,15,0.6968172755623699,0.6782510433076155,-0.0185662322547544,-1.4556825298035634,1.4185500652940546,parallel_descriptive_pairwise
eeg_P_beta,Parietal beta relative power,C(WWR)[T.45],0,5,-0.11730587090432804,-0.09480879241716819,0.022497078487159844,-0.4010214599651415,0.44601561693946123,parallel_descriptive_pairwise
eeg_P_beta,Parietal beta relative power,C(WWR)[T.45],0,10,-0.11730587090432804,-0.06589347205312912,0.051412398851198915,-0.35241657458017117,0.455241372282569,parallel_descriptive_pairwise
eeg_P_beta,Parietal beta relative power,C(WWR)[T.45],0,15,-0.11730587090432804,-0.03962280628906061,0.07768306461526742,-0.314302798127858,0.46966892735839283,parallel_descriptive_pairwise
eeg_P_beta,Parietal beta relative power,C(WWR)[T.45],5,10,-0.09480879241716819,-0.06589347205312912,0.02891532036403907,-0.3273524715068965,0.3851831122349746,parallel_descriptive_pairwise
eeg_P_beta,Parietal beta relative power,C(WWR)[T.45],5,15,-0.09480879241716819,-0.03962280628906061,0.05518598612810758,-0.2875993932748512,0.3979713655310664,parallel_descriptive_pairwise
eeg_P_beta,Parietal beta relative power,C(WWR)[T.45],10,15,-0.06589347205312912,-0.03962280628906061,0.02627066576406851,-0.2918672032523237,0.3444085347804607,parallel_descriptive_pairwise
eeg_P_beta,Parietal beta relative power,C(WWR)[T.75],0,5,0.055133612339472185,0.060366550901825446,0.005232938562353261,-0.3168044152367835,0.32727029236148997,parallel_descriptive_pairwise
eeg_P_beta,Parietal beta relative power,C(WWR)[T.75],0,10,0.055133612339472185,0.08842290537781985,0.03328929303834767,-0.2951572693279788,0.3617358554046741,parallel_descriptive_pairwise
eeg_P_beta,Parietal beta relative power,C(WWR)[T.75],0,15,0.055133612339472185,0.09900064220725958,0.0438670298677874,-0.2865114025037432,0.374245462239318,parallel_descriptive_pairwise
eeg_P_beta,Parietal beta relative power,C(WWR)[T.75],5,10,0.060366550901825446,0.08842290537781985,0.02805635447599441,-0.2992933964200097,0.3554061053719985,parallel_descriptive_pairwise
eeg_P_beta,Parietal beta relative power,C(WWR)[T.75],5,15,0.060366550901825446,0.09900064220725958,0.03863409130543414,-0.2906539644416408,0.36792214705250914,parallel_descriptive_pairwise
eeg_P_beta,Parietal beta relative power,C(WWR)[T.75],10,15,0.08842290537781985,0.09900064220725958,0.01057773682943973,-0.324981066878637,0.34613654053751647,parallel_descriptive_pairwise
eeg_P_beta,Parietal beta relative power,C(Complexity)[T.1],0,5,0.0069765055267562315,0.05378506482704206,0.04680855930028583,-0.3403733361148468,0.43399045471541847,parallel_descriptive_pairwise
eeg_P_beta,Parietal beta relative power,C(Complexity)[T.1],0,10,0.0069765055267562315,0.09977139286128053,0.0927948873345243,-0.280427354602431,0.4660171292714796,parallel_descriptive_pairwise
eeg_P_beta,Parietal beta relative power,C(Complexity)[T.1],0,15,0.0069765055267562315,0.10395901125621339,0.09698250572945716,-0.2665181106812896,0.4604831221402039,parallel_descriptive_pairwise
eeg_P_beta,Parietal beta relative power,C(Complexity)[T.1],5,10,0.05378506482704206,0.09977139286128053,0.04598632803423847,-0.3037511252412165,0.39572378130969343,parallel_descriptive_pairwise
eeg_P_beta,Parietal beta relative power,C(Complexity)[T.1],5,15,0.05378506482704206,0.10395901125621339,0.05017394642917133,-0.28916974730646694,0.3895176401648096,parallel_descriptive_pairwise
eeg_P_beta,Parietal beta relative power,C(Complexity)[T.1],10,15,0.09977139286128053,0.10395901125621339,0.004187618394932854,-0.31913754953564927,0.327512786325515,parallel_descriptive_pairwise
eeg_P_beta,Parietal beta relative power,C(ExperienceGroup)[T.Low],0,5,0.6251699915461645,0.6225533044087266,-0.002616687137437901,-1.385010768839087,1.379777394564211,parallel_descriptive_pairwise
eeg_P_beta,Parietal beta relative power,C(ExperienceGroup)[T.Low],0,10,0.6251699915461645,0.634288766019552,0.009118774473387492,-1.3662322099476207,1.3844697588943955,parallel_descriptive_pairwise
eeg_P_beta,Parietal beta relative power,C(ExperienceGroup)[T.Low],0,15,0.6251699915461645,0.6100714061142324,-0.015098585431932099,-1.3758678095224675,1.3456706386586033,parallel_descriptive_pairwise
eeg_P_beta,Parietal beta relative power,C(ExperienceGroup)[T.Low],5,10,0.6225533044087266,0.634288766019552,0.011735461610825393,-1.3548780714786064,1.3783489947002572,parallel_descriptive_pairwise
eeg_P_beta,Parietal beta relative power,C(ExperienceGroup)[T.Low],5,15,0.6225533044087266,0.6100714061142324,-0.012481898294494198,-1.3644194337255144,1.3394556371365258,parallel_descriptive_pairwise
eeg_P_beta,Parietal beta relative power,C(ExperienceGroup)[T.Low],10,15,0.634288766019552,0.6100714061142324,-0.02421735990531959,-1.3689522902657205,1.3205175704550811,parallel_descriptive_pairwise
eeg_P_beta,Parietal beta relative power,C(Gender)[T.Male],0,5,-0.37545640643397,-0.3463515007542013,0.0291049056797687,-1.2602985945863674,1.318508405945905,parallel_descriptive_pairwise
eeg_P_beta,Parietal beta relative power,C(Gender)[T.Male],0,10,-0.37545640643397,-0.3192728927512236,0.05618351368274638,-1.2173362650639317,1.3297032924294245,parallel_descriptive_pairwise
eeg_P_beta,Parietal beta relative power,C(Gender)[T.Male],0,15,-0.37545640643397,-0.31425895816810107,0.061197448265868926,-1.199078214465712,1.32147311099745,parallel_descriptive_pairwise
eeg_P_beta,Parietal beta relative power,C(Gender)[T.Male],5,10,-0.3463515007542013,-0.3192728927512236,0.027078608002977678,-1.215730074602319,1.2698872906082743,parallel_descriptive_pairwise
eeg_P_beta,Parietal beta relative power,C(Gender)[T.Male],5,15,-0.3463515007542013,-0.31425895816810107,0.032092542586100226,-1.1971411783854855,1.261326263557686,parallel_descriptive_pairwise
eeg_P_beta,Parietal beta relative power,C(Gender)[T.Male],10,15,-0.3192728927512236,-0.31425895816810107,0.005013934583122548,-1.2075481385224465,1.2175760076886917,parallel_descriptive_pairwise
eeg_P_beta,Parietal beta relative power,C(OrderGroup)[T.2],0,5,0.6973946996583787,0.6462755744692004,-0.05111912518917838,-1.3698643406222053,1.2676260902438488,parallel_descriptive_pairwise
eeg_P_beta,Parietal beta relative power,C(OrderGroup)[T.2],0,10,0.6973946996583787,0.6090270629276282,-0.08836763673075054,-1.3928742415673447,1.2161389681058439,parallel_descriptive_pairwise
eeg_P_beta,Parietal beta relative power,C(OrderGroup)[T.2],0,15,0.6973946996583787,0.5999057722731485,-0.0974889273852303,-1.3899009536889344,1.194923098918474,parallel_descriptive_pairwise
eeg_P_beta,Parietal beta relative power,C(OrderGroup)[T.2],5,10,0.6462755744692004,0.6090270629276282,-0.03724851154157216,-1.3123539108786249,1.2378568877954805,parallel_descriptive_pairwise
eeg_P_beta,Parietal beta relative power,C(OrderGroup)[T.2],5,15,0.6462755744692004,0.5999057722731485,-0.04636980219605191,-1.3090990459734553,1.2163594415813515,parallel_descriptive_pairwise
eeg_P_beta,Parietal beta relative power,C(OrderGroup)[T.2],10,15,0.6090270629276282,0.5999057722731485,-0.009121290654479752,-1.2569729172212964,1.238730335912337,parallel_descriptive_pairwise
eeg_P_beta,Parietal beta relative power,C(WWR)[T.45]:C(Complexity)[T.1],0,5,0.28443901881156164,0.17463197717563297,-0.10980704163592866,-0.9028698623537258,0.6832557790818684,parallel_descriptive_pairwise
eeg_P_beta,Parietal beta relative power,C(WWR)[T.45]:C(Complexity)[T.1],0,10,0.28443901881156164,0.11665353481870677,-0.16778548399285487,-0.9125232627855859,0.5769522947998762,parallel_descriptive_pairwise
eeg_P_beta,Parietal beta relative power,C(WWR)[T.45]:C(Complexity)[T.1],0,15,0.28443901881156164,0.10381729284870664,-0.180621725962855,-0.8940772293371102,0.5328337774114003,parallel_descriptive_pairwise
eeg_P_beta,Parietal beta relative power,C(WWR)[T.45]:C(Complexity)[T.1],5,10,0.17463197717563297,0.11665353481870677,-0.0579784423569262,-0.6939762568705626,0.5780193721567103,parallel_descriptive_pairwise
eeg_P_beta,Parietal beta relative power,C(WWR)[T.45]:C(Complexity)[T.1],5,15,0.17463197717563297,0.10381729284870664,-0.07081468432692634,-0.6698786343356069,0.5282492656817543,parallel_descriptive_pairwise
eeg_P_beta,Parietal beta relative power,C(WWR)[T.45]:C(Complexity)[T.1],10,15,0.11665353481870677,0.10381729284870664,-0.012836241970000134,-0.5462810261382075,0.5206085421982073,parallel_descriptive_pairwise
eeg_P_beta,Parietal beta relative power,C(WWR)[T.75]:C(Complexity)[T.1],0,5,-0.1805671084311725,-0.2211709349772549,-0.04060382654608241,-0.6014748462549183,0.5202671931627535,parallel_descriptive_pairwise
eeg_P_beta,Parietal beta relative power,C(WWR)[T.75]:C(Complexity)[T.1],0,10,-0.1805671084311725,-0.23866049521972096,-0.05809338678854847,-0.6055697303799107,0.48938295680281374,parallel_descriptive_pairwise
eeg_P_beta,Parietal beta relative power,C(WWR)[T.75]:C(Complexity)[T.1],0,15,-0.1805671084311725,-0.25178618563904626,-0.07121907720787377,-0.620186510279896,0.47774835586414843,parallel_descriptive_pairwise
eeg_P_beta,Parietal beta relative power,C(WWR)[T.75]:C(Complexity)[T.1],5,10,-0.2211709349772549,-0.23866049521972096,-0.017489560242466062,-0.5623874299683229,0.5274083094833908,parallel_descriptive_pairwise
eeg_P_beta,Parietal beta relative power,C(WWR)[T.75]:C(Complexity)[T.1],5,15,-0.2211709349772549,-0.25178618563904626,-0.030615250661791354,-0.5770112464499147,0.515780745126332,parallel_descriptive_pairwise
eeg_P_beta,Parietal beta relative power,C(WWR)[T.75]:C(Complexity)[T.1],10,15,-0.23866049521972096,-0.25178618563904626,-0.013125690419325292,-0.5457631189354151,0.5195117380967644,parallel_descriptive_pairwise
eeg_P_beta,Parietal beta relative power,C(WWR)[T.45]:C(ExperienceGroup)[T.Low],0,5,0.022357323572229647,0.0031723035286993165,-0.01918502004353033,-0.46277179470159063,0.42440175461452995,parallel_descriptive_pairwise
eeg_P_beta,Parietal beta relative power,C(WWR)[T.45]:C(ExperienceGroup)[T.Low],0,10,0.022357323572229647,-0.015103190962747771,-0.03746051453497742,-0.49196920579472536,0.41704817672477057,parallel_descriptive_pairwise
eeg_P_beta,Parietal beta relative power,C(WWR)[T.45]:C(ExperienceGroup)[T.Low],0,15,0.022357323572229647,-0.05989432103839045,-0.0822516446106201,-0.5619971448307525,0.39749385560951234,parallel_descriptive_pairwise
eeg_P_beta,Parietal beta relative power,C(WWR)[T.45]:C(ExperienceGroup)[T.Low],5,10,0.0031723035286993165,-0.015103190962747771,-0.018275494491447088,-0.46856419277528044,0.4320132037923862,parallel_descriptive_pairwise
eeg_P_beta,Parietal beta relative power,C(WWR)[T.45]:C(ExperienceGroup)[T.Low],5,15,0.0031723035286993165,-0.05989432103839045,-0.06306662456708977,-0.5388160400716863,0.41268279093750676,parallel_descriptive_pairwise
eeg_P_beta,Parietal beta relative power,C(WWR)[T.45]:C(ExperienceGroup)[T.Low],10,15,-0.015103190962747771,-0.05989432103839045,-0.04479113007564268,-0.5307401295931573,0.4411578694418719,parallel_descriptive_pairwise
eeg_P_beta,Parietal beta relative power,C(WWR)[T.75]:C(ExperienceGroup)[T.Low],0,5,-0.22947933502172704,-0.176454232892628,0.053025102129099055,-0.45410942500932194,0.56015962926752,parallel_descriptive_pairwise
eeg_P_beta,Parietal beta relative power,C(WWR)[T.75]:C(ExperienceGroup)[T.Low],0,10,-0.22947933502172704,-0.18511164169658126,0.044367693325145785,-0.4639562968072456,0.5526916834575372,parallel_descriptive_pairwise
eeg_P_beta,Parietal beta relative power,C(WWR)[T.75]:C(ExperienceGroup)[T.Low],0,15,-0.22947933502172704,-0.18485807132649715,0.044621263695229896,-0.45989531971437225,0.549137847104832,parallel_descriptive_pairwise
eeg_P_beta,Parietal beta relative power,C(WWR)[T.75]:C(ExperienceGroup)[T.Low],5,10,-0.176454232892628,-0.18511164169658126,-0.00865740880395327,-0.4880066448069081,0.47069182719900154,parallel_descriptive_pairwise
eeg_P_beta,Parietal beta relative power,C(WWR)[T.75]:C(ExperienceGroup)[T.Low],5,15,-0.176454232892628,-0.18485807132649715,-0.00840383843386916,-0.48371362588600963,0.4669059490182713,parallel_descriptive_pairwise
eeg_P_beta,Parietal beta relative power,C(WWR)[T.75]:C(ExperienceGroup)[T.Low],10,15,-0.18511164169658126,-0.18485807132649715,0.00025357037008411076,-0.4763251160773949,0.47683225681756314,parallel_descriptive_pairwise
eeg_P_beta,Parietal beta relative power,C(Complexity)[T.1]:C(ExperienceGroup)[T.Low],0,5,-0.04315223488196519,-0.06085271056074807,-0.017700475678782877,-0.2844222515283088,0.24902130017074306,parallel_descriptive_pairwise
eeg_P_beta,Parietal beta relative power,C(Complexity)[T.1]:C(ExperienceGroup)[T.Low],0,10,-0.04315223488196519,-0.08181613959521404,-0.03866390471324885,-0.30135541156582313,0.22402760213932546,parallel_descriptive_pairwise
eeg_P_beta,Parietal beta relative power,C(Complexity)[T.1]:C(ExperienceGroup)[T.Low],0,15,-0.04315223488196519,-0.06022047553275905,-0.017068240650793855,-0.2771422876279548,0.24300580632636706,parallel_descriptive_pairwise
eeg_P_beta,Parietal beta relative power,C(Complexity)[T.1]:C(ExperienceGroup)[T.Low],5,10,-0.06085271056074807,-0.08181613959521404,-0.02096342903446597,-0.2568572059107414,0.21493034784180945,parallel_descriptive_pairwise
eeg_P_beta,Parietal beta relative power,C(Complexity)[T.1]:C(ExperienceGroup)[T.Low],5,15,-0.06085271056074807,-0.06022047553275905,0.0006322350279890226,-0.23234320596860264,0.23360767602458066,parallel_descriptive_pairwise
eeg_P_beta,Parietal beta relative power,C(Complexity)[T.1]:C(ExperienceGroup)[T.Low],10,15,-0.08181613959521404,-0.06022047553275905,0.021595664062454993,-0.20675467679060294,0.24994600491551294,parallel_descriptive_pairwise
eeg_P_beta,Parietal beta relative power,block,0,5,0.21905307076702213,0.16006541551259937,-0.05898765525442276,-0.3418538118907216,0.22387850138187607,parallel_descriptive_pairwise
eeg_P_beta,Parietal beta relative power,block,0,10,0.21905307076702213,0.14226602452123957,-0.07678704624578256,-0.3520799009108334,0.19850580841926826,parallel_descriptive_pairwise
eeg_P_beta,Parietal beta relative power,block,0,15,0.21905307076702213,0.14870400567545267,-0.07034906509156946,-0.33905515527521546,0.19835702509207653,parallel_descriptive_pairwise
eeg_P_beta,Parietal beta relative power,block,5,10,0.16006541551259937,0.14226602452123957,-0.017799390991359798,-0.27800991202746284,0.24241113004474324,parallel_descriptive_pairwise
eeg_P_beta,Parietal beta relative power,block,5,15,0.16006541551259937,0.14870400567545267,-0.011361409837146702,-0.2645931660013947,0.24187034632710128,parallel_descriptive_pairwise
eeg_P_beta,Parietal beta relative power,block,10,15,0.14226602452123957,0.14870400567545267,0.006437981154213096,-0.2383051813436813,0.25118114365210753,parallel_descriptive_pairwise
eeg_P_beta,Parietal beta relative power,position_centered,0,5,0.01930680874239428,0.01593554781773775,-0.0033712609246565294,-0.07992687767510287,0.0731843558257898,parallel_descriptive_pairwise
eeg_P_beta,Parietal beta relative power,position_centered,0,10,0.01930680874239428,0.00932790400744523,-0.00997890473494905,-0.08371889285177797,0.06376108338187986,parallel_descriptive_pairwise
eeg_P_beta,Parietal beta relative power,position_centered,0,15,0.01930680874239428,0.009353815265975758,-0.009952993476418521,-0.0841017843339207,0.06419579738108365,parallel_descriptive_pairwise
eeg_P_beta,Parietal beta relative power,position_centered,5,10,0.01593554781773775,0.00932790400744523,-0.00660764381029252,-0.07666615485118365,0.0634508672305986,parallel_descriptive_pairwise
eeg_P_beta,Parietal beta relative power,position_centered,5,15,0.01593554781773775,0.009353815265975758,-0.006581732551761992,-0.07707040048800684,0.06390693538448286,parallel_descriptive_pairwise
eeg_P_beta,Parietal beta relative power,position_centered,10,15,0.00932790400744523,0.009353815265975758,2.5911258530528572e-05,-0.06739423186542792,0.06744605438248899,parallel_descriptive_pairwise
eeg_O_theta,Occipital theta relative power,Intercept,0,5,1.6053506775685575,1.6167610629974387,0.011410385428881176,-0.9965410357579403,1.0193618066157026,parallel_descriptive_pairwise
eeg_O_theta,Occipital theta relative power,Intercept,0,10,1.6053506775685575,1.616638957885017,0.011288280316459565,-1.0085730248164788,1.031149585449398,parallel_descriptive_pairwise
eeg_O_theta,Occipital theta relative power,Intercept,0,15,1.6053506775685575,1.5971208794974214,-0.008229798071136107,-1.0355300510195589,1.0190704548772866,parallel_descriptive_pairwise
eeg_O_theta,Occipital theta relative power,Intercept,5,10,1.6167610629974387,1.616638957885017,-0.00012210511242161104,-1.0101902773203226,1.0099460670954794,parallel_descriptive_pairwise
eeg_O_theta,Occipital theta relative power,Intercept,5,15,1.6167610629974387,1.5971208794974214,-0.019640183500017283,-1.0372188981495736,0.997938531149539,parallel_descriptive_pairwise
eeg_O_theta,Occipital theta relative power,Intercept,10,15,1.616638957885017,1.5971208794974214,-0.019518078387595672,-1.0488952953215875,1.0098591385463962,parallel_descriptive_pairwise
eeg_O_theta,Occipital theta relative power,C(WWR)[T.45],0,5,-0.07637401274171556,-0.06827955469292322,0.00809445804879233,-0.1959554279152152,0.21214434401279986,parallel_descriptive_pairwise
eeg_O_theta,Occipital theta relative power,C(WWR)[T.45],0,10,-0.07637401274171556,-0.026900518925112044,0.049473493816603514,-0.15394620543691684,0.25289319307012387,parallel_descriptive_pairwise
eeg_O_theta,Occipital theta relative power,C(WWR)[T.45],0,15,-0.07637401274171556,-0.01877939028268381,0.05759462245903174,-0.1414425027598404,0.25663174767790387,parallel_descriptive_pairwise
eeg_O_theta,Occipital theta relative power,C(WWR)[T.45],5,10,-0.06827955469292322,-0.026900518925112044,0.041379035767811184,-0.16785329151828612,0.2506113630539085,parallel_descriptive_pairwise
eeg_O_theta,Occipital theta relative power,C(WWR)[T.45],5,15,-0.06827955469292322,-0.01877939028268381,0.04950016441023941,-0.155473907005042,0.2544742358255208,parallel_descriptive_pairwise
eeg_O_theta,Occipital theta relative power,C(WWR)[T.45],10,15,-0.026900518925112044,-0.01877939028268381,0.008121128642428234,-0.19622560618596352,0.21246786347081997,parallel_descriptive_pairwise
eeg_O_theta,Occipital theta relative power,C(WWR)[T.75],0,5,0.05847636964299608,0.05632520289370079,-0.0021511667492952885,-0.25225018709357405,0.2479478535949835,parallel_descriptive_pairwise
eeg_O_theta,Occipital theta relative power,C(WWR)[T.75],0,10,0.05847636964299608,0.07552650002614641,0.017050130383150335,-0.22994851761787777,0.26404877838417845,parallel_descriptive_pairwise
eeg_O_theta,Occipital theta relative power,C(WWR)[T.75],0,15,0.05847636964299608,0.08987708462488286,0.03140071498188678,-0.21003429358559855,0.27283572354937213,parallel_descriptive_pairwise
eeg_O_theta,Occipital theta relative power,C(WWR)[T.75],5,10,0.05632520289370079,0.07552650002614641,0.019201297132445623,-0.2361781854440107,0.27458077970890193,parallel_descriptive_pairwise
eeg_O_theta,Occipital theta relative power,C(WWR)[T.75],5,15,0.05632520289370079,0.08987708462488286,0.03355188173118207,-0.21645054099440775,0.2835543044567719,parallel_descriptive_pairwise
eeg_O_theta,Occipital theta relative power,C(WWR)[T.75],10,15,0.07552650002614641,0.08987708462488286,0.014350584598736449,-0.23255025279521072,0.2612514219926836,parallel_descriptive_pairwise
eeg_O_theta,Occipital theta relative power,C(Complexity)[T.1],0,5,0.02617792016450594,0.03891807236843298,0.012740152203927036,-0.1363633003196687,0.1618436047275228,parallel_descriptive_pairwise
eeg_O_theta,Occipital theta relative power,C(Complexity)[T.1],0,10,0.02617792016450594,0.07958706076777722,0.053409140603271274,-0.089319140315249,0.19613742152179153,parallel_descriptive_pairwise
eeg_O_theta,Occipital theta relative power,C(Complexity)[T.1],0,15,0.02617792016450594,0.09302153258302495,0.06684361241851901,-0.07279024655907358,0.2064774713961116,parallel_descriptive_pairwise
eeg_O_theta,Occipital theta relative power,C(Complexity)[T.1],5,10,0.03891807236843298,0.07958706076777722,0.04066898839934424,-0.10647561356596988,0.18781359036465836,parallel_descriptive_pairwise
eeg_O_theta,Occipital theta relative power,C(Complexity)[T.1],5,15,0.03891807236843298,0.09302153258302495,0.054103460214591975,-0.0900415580362963,0.19824847846548024,parallel_descriptive_pairwise
eeg_O_theta,Occipital theta relative power,C(Complexity)[T.1],10,15,0.07958706076777722,0.09302153258302495,0.013434471815247734,-0.12410573650962275,0.15097468014011822,parallel_descriptive_pairwise
eeg_O_theta,Occipital theta relative power,C(ExperienceGroup)[T.Low],0,5,0.1560533194342221,0.15666530671764464,0.0006119872834225437,-0.7068418694876548,0.7080658440544998,parallel_descriptive_pairwise
eeg_O_theta,Occipital theta relative power,C(ExperienceGroup)[T.Low],0,10,0.1560533194342221,0.17797756392819436,0.02192424449397226,-0.6943180602059464,0.7381665491938909,parallel_descriptive_pairwise
eeg_O_theta,Occipital theta relative power,C(ExperienceGroup)[T.Low],0,15,0.1560533194342221,0.1977108306913684,0.04165751125714631,-0.6812885499993492,0.7646035725136419,parallel_descriptive_pairwise
eeg_O_theta,Occipital theta relative power,C(ExperienceGroup)[T.Low],5,10,0.15666530671764464,0.17797756392819436,0.021312257210549718,-0.6914882395934434,0.7341127540145429,parallel_descriptive_pairwise
eeg_O_theta,Occipital theta relative power,C(ExperienceGroup)[T.Low],5,15,0.15666530671764464,0.1977108306913684,0.04104552397372377,-0.6784907966442482,0.7605818445916956,parallel_descriptive_pairwise
eeg_O_theta,Occipital theta relative power,C(ExperienceGroup)[T.Low],10,15,0.17797756392819436,0.1977108306913684,0.01973326676317405,-0.7084456921954243,0.7479122257217723,parallel_descriptive_pairwise
eeg_O_theta,Occipital theta relative power,C(Gender)[T.Male],0,5,-0.23447037349522973,-0.2408039332946181,-0.006333559799388377,-0.7238050774237164,0.7111379578249397,parallel_descriptive_pairwise
eeg_O_theta,Occipital theta relative power,C(Gender)[T.Male],0,10,-0.23447037349522973,-0.2535958487825495,-0.019125475287319754,-0.7381476655998565,0.6998967150252169,parallel_descriptive_pairwise
eeg_O_theta,Occipital theta relative power,C(Gender)[T.Male],0,15,-0.23447037349522973,-0.2603746797611352,-0.02590430626590548,-0.7485626530850397,0.6967540405532288,parallel_descriptive_pairwise
eeg_O_theta,Occipital theta relative power,C(Gender)[T.Male],5,10,-0.2408039332946181,-0.2535958487825495,-0.012791915487931377,-0.7333735403936733,0.7077897094178106,parallel_descriptive_pairwise
eeg_O_theta,Occipital theta relative power,C(Gender)[T.Male],5,15,-0.2408039332946181,-0.2603746797611352,-0.019570746466517103,-0.7437806982189947,0.7046392052859605,parallel_descriptive_pairwise
eeg_O_theta,Occipital theta relative power,C(Gender)[T.Male],10,15,-0.2535958487825495,-0.2603746797611352,-0.006778830978585726,-0.7325250578216931,0.7189673958645215,parallel_descriptive_pairwise
eeg_O_theta,Occipital theta relative power,C(OrderGroup)[T.2],0,5,0.04093648100298105,0.04103889936692494,0.00010241836394388887,-0.7295656419862515,0.7297704787141392,parallel_descriptive_pairwise
eeg_O_theta,Occipital theta relative power,C(OrderGroup)[T.2],0,10,0.04093648100298105,0.033447618000847563,-0.007488863002133486,-0.7386614173571626,0.7236836913528957,parallel_descriptive_pairwise
eeg_O_theta,Occipital theta relative power,C(OrderGroup)[T.2],0,15,0.04093648100298105,0.04101818627126361,8.170526828255725e-05,-0.7336679687801341,0.7338313793166992,parallel_descriptive_pairwise
eeg_O_theta,Occipital theta relative power,C(OrderGroup)[T.2],5,10,0.04103889936692494,0.033447618000847563,-0.007591281366077375,-0.739393030328304,0.7242104675961493,parallel_descriptive_pairwise
eeg_O_theta,Occipital theta relative power,C(OrderGroup)[T.2],5,15,0.04103889936692494,0.04101818627126361,-2.0713095661331615e-05,-0.734397373746225,0.7343559475549024,parallel_descriptive_pairwise
eeg_O_theta,Occipital theta relative power,C(OrderGroup)[T.2],10,15,0.033447618000847563,0.04101818627126361,0.0075705682704160435,-0.7283009596847801,0.7434420962256122,parallel_descriptive_pairwise
eeg_O_theta,Occipital theta relative power,C(WWR)[T.45]:C(Complexity)[T.1],0,5,-0.026198989104996025,-0.047456150550214245,-0.02125716144521822,-0.21636041966323008,0.17384609677279364,parallel_descriptive_pairwise
eeg_O_theta,Occipital theta relative power,C(WWR)[T.45]:C(Complexity)[T.1],0,10,-0.026198989104996025,-0.07399320113508652,-0.047794212030090495,-0.24037551531022436,0.14478709125004338,parallel_descriptive_pairwise
eeg_O_theta,Occipital theta relative power,C(WWR)[T.45]:C(Complexity)[T.1],0,15,-0.026198989104996025,-0.11077063277833409,-0.08457164367333805,-0.2737191444833856,0.10457585713670947,parallel_descriptive_pairwise
eeg_O_theta,Occipital theta relative power,C(WWR)[T.45]:C(Complexity)[T.1],5,10,-0.047456150550214245,-0.07399320113508652,-0.026537050584872275,-0.2239550941107411,0.17088099294099657,parallel_descriptive_pairwise
eeg_O_theta,Occipital theta relative power,C(WWR)[T.45]:C(Complexity)[T.1],5,15,-0.047456150550214245,-0.11077063277833409,-0.06331448222811983,-0.2573843217168819,0.13075535726064225,parallel_descriptive_pairwise
eeg_O_theta,Occipital theta relative power,C(WWR)[T.45]:C(Complexity)[T.1],10,15,-0.07399320113508652,-0.11077063277833409,-0.036777431643247566,-0.2283117095283942,0.15475684624189906,parallel_descriptive_pairwise
eeg_O_theta,Occipital theta relative power,C(WWR)[T.75]:C(Complexity)[T.1],0,5,0.009841444013906901,-0.013613713982371769,-0.023455157996278668,-0.27395868899301473,0.22704837300045738,parallel_descriptive_pairwise
eeg_O_theta,Occipital theta relative power,C(WWR)[T.75]:C(Complexity)[T.1],0,10,0.009841444013906901,-0.048521692530064726,-0.05836313654397163,-0.30945855430640484,0.1927322812184616,parallel_descriptive_pairwise
eeg_O_theta,Occipital theta relative power,C(WWR)[T.75]:C(Complexity)[T.1],0,15,0.009841444013906901,-0.053877882955627586,-0.06371932696953449,-0.3254238622519605,0.19798520831289157,parallel_descriptive_pairwise
eeg_O_theta,Occipital theta relative power,C(WWR)[T.75]:C(Complexity)[T.1],5,10,-0.013613713982371769,-0.048521692530064726,-0.03490797854769296,-0.29453763173016245,0.22472167463477655,parallel_descriptive_pairwise
eeg_O_theta,Occipital theta relative power,C(WWR)[T.75]:C(Complexity)[T.1],5,15,-0.013613713982371769,-0.053877882955627586,-0.04026416897325582,-0.3101676920657659,0.22963935411925426,parallel_descriptive_pairwise
eeg_O_theta,Occipital theta relative power,C(WWR)[T.75]:C(Complexity)[T.1],10,15,-0.048521692530064726,-0.053877882955627586,-0.0053561904255628595,-0.2758091466993061,0.2650967658481804,parallel_descriptive_pairwise
eeg_O_theta,Occipital theta relative power,C(WWR)[T.45]:C(ExperienceGroup)[T.Low],0,5,0.0473714708747731,0.048680337089335605,0.0013088662145625055,-0.17715914885772027,0.17977688128684527,parallel_descriptive_pairwise
eeg_O_theta,Occipital theta relative power,C(WWR)[T.45]:C(ExperienceGroup)[T.Low],0,10,0.0473714708747731,0.02932325565452759,-0.01804821522024551,-0.19633473016938946,0.16023829972889841,parallel_descriptive_pairwise
eeg_O_theta,Occipital theta relative power,C(WWR)[T.45]:C(ExperienceGroup)[T.Low],0,15,0.0473714708747731,0.02463803870230905,-0.02273343217246405,-0.19936516731323636,0.15389830296830828,parallel_descriptive_pairwise
eeg_O_theta,Occipital theta relative power,C(WWR)[T.45]:C(ExperienceGroup)[T.Low],5,10,0.048680337089335605,0.02932325565452759,-0.019357081434808014,-0.1988092829436865,0.16009512007407045,parallel_descriptive_pairwise
eeg_O_theta,Occipital theta relative power,C(WWR)[T.45]:C(ExperienceGroup)[T.Low],5,15,0.048680337089335605,0.02463803870230905,-0.024042298387026557,-0.20185056892726813,0.153765972153215,parallel_descriptive_pairwise
eeg_O_theta,Occipital theta relative power,C(WWR)[T.45]:C(ExperienceGroup)[T.Low],10,15,0.02932325565452759,0.02463803870230905,-0.004685216952218543,-0.18231131323703392,0.17294087933259683,parallel_descriptive_pairwise
eeg_O_theta,Occipital theta relative power,C(WWR)[T.75]:C(ExperienceGroup)[T.Low],0,5,-0.004415742117123093,0.006791116063680574,0.011206858180803667,-0.23276945385289194,0.25518317021449927,parallel_descriptive_pairwise
eeg_O_theta,Occipital theta relative power,C(WWR)[T.75]:C(ExperienceGroup)[T.Low],0,10,-0.004415742117123093,0.014808813573671581,0.019224555690794676,-0.22854487150313155,0.26699398288472087,parallel_descriptive_pairwise
eeg_O_theta,Occipital theta relative power,C(WWR)[T.75]:C(ExperienceGroup)[T.Low],0,15,-0.004415742117123093,-0.0066877796538509495,-0.002272037536727857,-0.24600720320882044,0.24146312813536472,parallel_descriptive_pairwise
eeg_O_theta,Occipital theta relative power,C(WWR)[T.75]:C(ExperienceGroup)[T.Low],5,10,0.006791116063680574,0.014808813573671581,0.008017697509991008,-0.24621769053963308,0.2622530855596151,parallel_descriptive_pairwise
eeg_O_theta,Occipital theta relative power,C(WWR)[T.75]:C(ExperienceGroup)[T.Low],5,15,0.006791116063680574,-0.0066877796538509495,-0.013478895717531523,-0.263784258164961,0.23682646672989793,parallel_descriptive_pairwise
eeg_O_theta,Occipital theta relative power,C(WWR)[T.75]:C(ExperienceGroup)[T.Low],10,15,0.014808813573671581,-0.0066877796538509495,-0.02149659322752253,-0.27550057486635854,0.2325073884113135,parallel_descriptive_pairwise
eeg_O_theta,Occipital theta relative power,C(Complexity)[T.1]:C(ExperienceGroup)[T.Low],0,5,0.035205089150638656,0.03137272734003673,-0.0038323618106019253,-0.1688634489752401,0.16119872535403626,parallel_descriptive_pairwise
eeg_O_theta,Occipital theta relative power,C(Complexity)[T.1]:C(ExperienceGroup)[T.Low],0,10,0.035205089150638656,0.009351591366718419,-0.025853497783920237,-0.18726078623276446,0.13555379066492398,parallel_descriptive_pairwise
eeg_O_theta,Occipital theta relative power,C(Complexity)[T.1]:C(ExperienceGroup)[T.Low],0,15,0.035205089150638656,-0.009576296643184674,-0.04478138579382333,-0.20403757542420864,0.11447480383656196,parallel_descriptive_pairwise
eeg_O_theta,Occipital theta relative power,C(Complexity)[T.1]:C(ExperienceGroup)[T.Low],5,10,0.03137272734003673,0.009351591366718419,-0.022021135973318312,-0.18275946864055506,0.13871719669391844,parallel_descriptive_pairwise
eeg_O_theta,Occipital theta relative power,C(Complexity)[T.1]:C(ExperienceGroup)[T.Low],5,15,0.03137272734003673,-0.009576296643184674,-0.04094902398322141,-0.19952718376515388,0.11762913579871105,parallel_descriptive_pairwise
eeg_O_theta,Occipital theta relative power,C(Complexity)[T.1]:C(ExperienceGroup)[T.Low],10,15,0.009351591366718419,-0.009576296643184674,-0.018927888009903093,-0.17373126585899945,0.1358754898391933,parallel_descriptive_pairwise
eeg_O_theta,Occipital theta relative power,block,0,5,0.007185486997663585,-0.00888165632104508,-0.016067143318708663,-0.15104547304561172,0.11891118640819441,parallel_descriptive_pairwise
eeg_O_theta,Occipital theta relative power,block,0,10,0.007185486997663585,-0.0360409590752246,-0.04322644607288818,-0.1747664712919733,0.08831357914619693,parallel_descriptive_pairwise
eeg_O_theta,Occipital theta relative power,block,0,15,0.007185486997663585,-0.035905937827862965,-0.04309142482552655,-0.1749426081839832,0.08875975853293008,parallel_descriptive_pairwise
eeg_O_theta,Occipital theta relative power,block,5,10,-0.00888165632104508,-0.0360409590752246,-0.02715930275417952,-0.15647120667332434,0.1021526011649653,parallel_descriptive_pairwise
eeg_O_theta,Occipital theta relative power,block,5,15,-0.00888165632104508,-0.035905937827862965,-0.027024281506817883,-0.15665269202543045,0.10260412901179469,parallel_descriptive_pairwise
eeg_O_theta,Occipital theta relative power,block,10,15,-0.0360409590752246,-0.035905937827862965,0.00013502124736163718,-0.1259092311101137,0.126179273604837,parallel_descriptive_pairwise
eeg_O_theta,Occipital theta relative power,position_centered,0,5,0.0034118772781903833,0.0005305600002476077,-0.0028813172779427756,-0.03000392199216128,0.02424128743627573,parallel_descriptive_pairwise
eeg_O_theta,Occipital theta relative power,position_centered,0,10,0.0034118772781903833,0.0011033148154411256,-0.0023085624627492574,-0.029476907606074465,0.024859782680575947,parallel_descriptive_pairwise
eeg_O_theta,Occipital theta relative power,position_centered,0,15,0.0034118772781903833,-0.0022236754686349486,-0.005635552746825332,-0.032375773983877115,0.02110466849022645,parallel_descriptive_pairwise
eeg_O_theta,Occipital theta relative power,position_centered,5,10,0.0005305600002476077,0.0011033148154411256,0.0005727548151935179,-0.02660985621247201,0.027755365842859047,parallel_descriptive_pairwise
eeg_O_theta,Occipital theta relative power,position_centered,5,15,0.0005305600002476077,-0.0022236754686349486,-0.0027542354688825563,-0.02950895087123727,0.02400047993347216,parallel_descriptive_pairwise
eeg_O_theta,Occipital theta relative power,position_centered,10,15,0.0011033148154411256,-0.0022236754686349486,-0.0033269902840760745,-0.030128073986122356,0.02347409341797021,parallel_descriptive_pairwise
eeg_O_alpha,Occipital alpha relative power,Intercept,0,5,1.958741350988749,2.0389287799181552,0.08018742892940622,-1.7889019216160744,1.9492767794748869,parallel_descriptive_pairwise
eeg_O_alpha,Occipital alpha relative power,Intercept,0,10,1.958741350988749,2.10021315924438,0.141471808255631,-1.798244187789207,2.081187804300469,parallel_descriptive_pairwise
eeg_O_alpha,Occipital alpha relative power,Intercept,0,15,1.958741350988749,2.1936690635060705,0.23492771251732147,-1.747690687906526,2.217546112941169,parallel_descriptive_pairwise
eeg_O_alpha,Occipital alpha relative power,Intercept,5,10,2.0389287799181552,2.10021315924438,0.06128437932622477,-1.9317289348783584,2.054297693530808,parallel_descriptive_pairwise
eeg_O_alpha,Occipital alpha relative power,Intercept,5,15,2.0389287799181552,2.1936690635060705,0.15474028358791525,-1.880052002367517,2.1895325695433474,parallel_descriptive_pairwise
eeg_O_alpha,Occipital alpha relative power,Intercept,10,15,2.10021315924438,2.1936690635060705,0.09345590426169048,-2.006397136304107,2.193308944827488,parallel_descriptive_pairwise
eeg_O_alpha,Occipital alpha relative power,C(WWR)[T.45],0,5,-1.132049040789078,-1.2078788906665279,-0.0758298498774499,-2.068154723389624,1.9164950236347242,parallel_descriptive_pairwise
eeg_O_alpha,Occipital alpha relative power,C(WWR)[T.45],0,10,-1.132049040789078,-1.2732361680641313,-0.14118712727505334,-2.2365260894904226,1.9541518349403162,parallel_descriptive_pairwise
eeg_O_alpha,Occipital alpha relative power,C(WWR)[T.45],0,15,-1.132049040789078,-1.3794218045553395,-0.2473727637662615,-2.3912698271938817,1.8965242996613585,parallel_descriptive_pairwise
eeg_O_alpha,Occipital alpha relative power,C(WWR)[T.45],5,10,-1.2078788906665279,-1.2732361680641313,-0.06535727739760344,-2.237575190578154,2.1068606357829465,parallel_descriptive_pairwise
eeg_O_alpha,Occipital alpha relative power,C(WWR)[T.45],5,15,-1.2078788906665279,-1.3794218045553395,-0.1715429138888116,-2.3906373044766154,2.0475514766989917,parallel_descriptive_pairwise
eeg_O_alpha,Occipital alpha relative power,C(WWR)[T.45],10,15,-1.2732361680641313,-1.3794218045553395,-0.10618563649120816,-2.418212210581726,2.2058409375993095,parallel_descriptive_pairwise
eeg_O_alpha,Occipital alpha relative power,C(WWR)[T.75],0,5,-0.3563074378553151,-0.3894576794017811,-0.03315024154646601,-1.8886477006727833,1.8223472175798514,parallel_descriptive_pairwise
eeg_O_alpha,Occipital alpha relative power,C(WWR)[T.75],0,10,-0.3563074378553151,-0.377726910480096,-0.02141947262478089,-1.9719443014703237,1.9291053562207618,parallel_descriptive_pairwise
eeg_O_alpha,Occipital alpha relative power,C(WWR)[T.75],0,15,-0.3563074378553151,-0.3977459470198979,-0.041438509164582804,-2.0105287411523003,1.9276517228231347,parallel_descriptive_pairwise
eeg_O_alpha,Occipital alpha relative power,C(WWR)[T.75],5,10,-0.3894576794017811,-0.377726910480096,0.01173076892168512,-2.0103344688603704,2.0337960067037404,parallel_descriptive_pairwise
eeg_O_alpha,Occipital alpha relative power,C(WWR)[T.75],5,15,-0.3894576794017811,-0.3977459470198979,-0.008288267618116796,-2.048267938990631,2.0316914037543974,parallel_descriptive_pairwise
eeg_O_alpha,Occipital alpha relative power,C(WWR)[T.75],10,15,-0.377726910480096,-0.3977459470198979,-0.020019036539801915,-2.1467990784651123,2.1067610053855086,parallel_descriptive_pairwise
eeg_O_alpha,Occipital alpha relative power,C(Complexity)[T.1],0,5,-0.26340359131895286,-0.2622955188074824,0.001108072511470437,-0.7832810498251959,0.7854971948481366,parallel_descriptive_pairwise
eeg_O_alpha,Occipital alpha relative power,C(Complexity)[T.1],0,10,-0.26340359131895286,-0.25529714925922636,0.008106442059726493,-0.8192590219733693,0.8354719060928222,parallel_descriptive_pairwise
eeg_O_alpha,Occipital alpha relative power,C(Complexity)[T.1],0,15,-0.26340359131895286,-0.2589913576976331,0.004412233621319761,-0.8498438726180171,0.8586683398606565,parallel_descriptive_pairwise
eeg_O_alpha,Occipital alpha relative power,C(Complexity)[T.1],5,10,-0.2622955188074824,-0.25529714925922636,0.006998369548256056,-0.8569616954199728,0.8709584345164849,parallel_descriptive_pairwise
eeg_O_alpha,Occipital alpha relative power,C(Complexity)[T.1],5,15,-0.2622955188074824,-0.2589913576976331,0.003304161109849324,-0.8864412394584253,0.893049561678124,parallel_descriptive_pairwise
eeg_O_alpha,Occipital alpha relative power,C(Complexity)[T.1],10,15,-0.25529714925922636,-0.2589913576976331,-0.003694208438406732,-0.9315488272591647,0.9241604103823512,parallel_descriptive_pairwise
eeg_O_alpha,Occipital alpha relative power,C(ExperienceGroup)[T.Low],0,5,-0.955622771360775,-1.0530503843856263,-0.09742761302485126,-2.2450095253163616,2.0501542992666595,parallel_descriptive_pairwise
eeg_O_alpha,Occipital alpha relative power,C(ExperienceGroup)[T.Low],0,10,-0.955622771360775,-1.1393143160769084,-0.18369154471613336,-2.4309409465785743,2.063557857146307,parallel_descriptive_pairwise
eeg_O_alpha,Occipital alpha relative power,C(ExperienceGroup)[T.Low],0,15,-0.955622771360775,-1.2278443656284599,-0.2722215942676849,-2.5746559663753175,2.0302127778399477,parallel_descriptive_pairwise
eeg_O_alpha,Occipital alpha relative power,C(ExperienceGroup)[T.Low],5,10,-1.0530503843856263,-1.1393143160769084,-0.0862639316912821,-2.4071960366384304,2.234668173255866,parallel_descriptive_pairwise
eeg_O_alpha,Occipital alpha relative power,C(ExperienceGroup)[T.Low],5,15,-1.0530503843856263,-1.2278443656284599,-0.17479398124283363,-2.5491991698039547,2.199611207318287,parallel_descriptive_pairwise
eeg_O_alpha,Occipital alpha relative power,C(ExperienceGroup)[T.Low],10,15,-1.1393143160769084,-1.2278443656284599,-0.08853004955155153,-2.553448263942327,2.3763881648392244,parallel_descriptive_pairwise
eeg_O_alpha,Occipital alpha relative power,C(Gender)[T.Male],0,5,-0.11346265416467712,-0.12370915980638497,-0.010246505641707856,-1.1013861190063121,1.0808931077228965,parallel_descriptive_pairwise
eeg_O_alpha,Occipital alpha relative power,C(Gender)[T.Male],0,10,-0.11346265416467712,-0.13439026320332437,-0.020927609038647252,-1.1368813887431626,1.0950261706658682,parallel_descriptive_pairwise
eeg_O_alpha,Occipital alpha relative power,C(Gender)[T.Male],0,15,-0.11346265416467712,-0.12860031558475074,-0.015137661420073625,-1.1415654503779855,1.1112901275378384,parallel_descriptive_pairwise
eeg_O_alpha,Occipital alpha relative power,C(Gender)[T.Male],5,10,-0.12370915980638497,-0.13439026320332437,-0.010681103396939395,-1.1480051509082005,1.1266429441143218,parallel_descriptive_pairwise
eeg_O_alpha,Occipital alpha relative power,C(Gender)[T.Male],5,15,-0.12370915980638497,-0.12860031558475074,-0.004891155778365769,-1.1524941857269686,1.1427118741702371,parallel_descriptive_pairwise
eeg_O_alpha,Occipital alpha relative power,C(Gender)[T.Male],10,15,-0.13439026320332437,-0.12860031558475074,0.0057899476185736265,-1.1654315928811516,1.177011488118299,parallel_descriptive_pairwise
eeg_O_alpha,Occipital alpha relative power,C(OrderGroup)[T.2],0,5,-0.3244557085391348,-0.3689662093598235,-0.04451050082068869,-1.2802880175098597,1.1912670158684822,parallel_descriptive_pairwise
eeg_O_alpha,Occipital alpha relative power,C(OrderGroup)[T.2],0,10,-0.3244557085391348,-0.4253109200693345,-0.10085521153019972,-1.3710822869305785,1.169371863870179,parallel_descriptive_pairwise
eeg_O_alpha,Occipital alpha relative power,C(OrderGroup)[T.2],0,15,-0.3244557085391348,-0.4736630276554952,-0.14920731911636037,-1.4354068379371867,1.136992199704466,parallel_descriptive_pairwise
eeg_O_alpha,Occipital alpha relative power,C(OrderGroup)[T.2],5,10,-0.3689662093598235,-0.4253109200693345,-0.056344710709511026,-1.3550295514234412,1.2423401300044192,parallel_descriptive_pairwise
eeg_O_alpha,Occipital alpha relative power,C(OrderGroup)[T.2],5,15,-0.3689662093598235,-0.4736630276554952,-0.10469681829567168,-1.41900830901425,1.2096146724229069,parallel_descriptive_pairwise
eeg_O_alpha,Occipital alpha relative power,C(OrderGroup)[T.2],10,15,-0.4253109200693345,-0.4736630276554952,-0.04835210758616065,-1.3951057773270814,1.2984015621547602,parallel_descriptive_pairwise
eeg_O_alpha,Occipital alpha relative power,C(WWR)[T.45]:C(Complexity)[T.1],0,5,0.057352722858646184,0.025784934939828568,-0.03156778791881762,-0.680015619811244,0.6168800439736087,parallel_descriptive_pairwise
eeg_O_alpha,Occipital alpha relative power,C(WWR)[T.45]:C(Complexity)[T.1],0,10,0.057352722858646184,-0.0022325704473462986,-0.05958529330599248,-0.7383592167238033,0.6191886301118183,parallel_descriptive_pairwise
eeg_O_alpha,Occipital alpha relative power,C(WWR)[T.45]:C(Complexity)[T.1],0,15,0.057352722858646184,0.02163548239147603,-0.035717240467170154,-0.7264330942354629,0.6549986133011225,parallel_descriptive_pairwise
eeg_O_alpha,Occipital alpha relative power,C(WWR)[T.45]:C(Complexity)[T.1],5,10,0.025784934939828568,-0.0022325704473462986,-0.028017505387174867,-0.7362157751715923,0.6801807643972426,parallel_descriptive_pairwise
eeg_O_alpha,Occipital alpha relative power,C(WWR)[T.45]:C(Complexity)[T.1],5,15,0.025784934939828568,0.02163548239147603,-0.004149452548352538,-0.7238015496483998,0.7155026445516948,parallel_descriptive_pairwise
eeg_O_alpha,Occipital alpha relative power,C(WWR)[T.45]:C(Complexity)[T.1],10,15,-0.0022325704473462986,0.02163548239147603,0.02386805283882233,-0.7232253745760596,0.7709614802537043,parallel_descriptive_pairwise
eeg_O_alpha,Occipital alpha relative power,C(WWR)[T.75]:C(Complexity)[T.1],0,5,-0.37062277901910246,-0.4032476182316922,-0.03262483921258974,-0.876963784622355,0.8117141061971755,parallel_descriptive_pairwise
eeg_O_alpha,Occipital alpha relative power,C(WWR)[T.75]:C(Complexity)[T.1],0,10,-0.37062277901910246,-0.463186007298416,-0.09256322827931357,-0.9753481781297462,0.7902217215711191,parallel_descriptive_pairwise
eeg_O_alpha,Occipital alpha relative power,C(WWR)[T.75]:C(Complexity)[T.1],0,15,-0.37062277901910246,-0.49125312572848406,-0.12063034670938161,-1.0054752276360768,0.7642145342173137,parallel_descriptive_pairwise
eeg_O_alpha,Occipital alpha relative power,C(WWR)[T.75]:C(Complexity)[T.1],5,10,-0.4032476182316922,-0.463186007298416,-0.05993838906672383,-0.9726428676145178,0.8527660894810702,parallel_descriptive_pairwise
eeg_O_alpha,Occipital alpha relative power,C(WWR)[T.75]:C(Complexity)[T.1],5,15,-0.4032476182316922,-0.49125312572848406,-0.08800550749679187,-1.0027025397325737,0.8266915247389901,parallel_descriptive_pairwise
eeg_O_alpha,Occipital alpha relative power,C(WWR)[T.75]:C(Complexity)[T.1],10,15,-0.463186007298416,-0.49125312572848406,-0.02806711843006804,-0.9783679517074588,0.9222337148473227,parallel_descriptive_pairwise
eeg_O_alpha,Occipital alpha relative power,C(WWR)[T.45]:C(ExperienceGroup)[T.Low],0,5,1.1744994729470004,1.2737013466677534,0.09920187372075295,-1.754722426846041,1.953126174287547,parallel_descriptive_pairwise
eeg_O_alpha,Occipital alpha relative power,C(WWR)[T.45]:C(ExperienceGroup)[T.Low],0,10,1.1744994729470004,1.3673298441787474,0.19283037123174696,-1.7560878950578844,2.1417486375213786,parallel_descriptive_pairwise
eeg_O_alpha,Occipital alpha relative power,C(WWR)[T.45]:C(ExperienceGroup)[T.Low],0,15,1.1744994729470004,1.45162713424295,0.2771276612959497,-1.7128784197565219,2.2671337423484212,parallel_descriptive_pairwise
eeg_O_alpha,Occipital alpha relative power,C(WWR)[T.45]:C(ExperienceGroup)[T.Low],5,10,1.2737013466677534,1.3673298441787474,0.093628497510994,-1.9260729117703153,2.1133299067923033,parallel_descriptive_pairwise
eeg_O_alpha,Occipital alpha relative power,C(WWR)[T.45]:C(ExperienceGroup)[T.Low],5,15,1.2737013466677534,1.45162713424295,0.17792578757519673,-1.8814516854979986,2.237303260648392,parallel_descriptive_pairwise
eeg_O_alpha,Occipital alpha relative power,C(WWR)[T.45]:C(ExperienceGroup)[T.Low],10,15,1.3673298441787474,1.45162713424295,0.08429729006420272,-2.0609958537850583,2.229590433913464,parallel_descriptive_pairwise
eeg_O_alpha,Occipital alpha relative power,C(WWR)[T.75]:C(ExperienceGroup)[T.Low],0,5,0.592391083401313,0.6493503709703318,0.0569592875690188,-1.4558936421702207,1.5698122173082583,parallel_descriptive_pairwise
eeg_O_alpha,Occipital alpha relative power,C(WWR)[T.75]:C(ExperienceGroup)[T.Low],0,10,0.592391083401313,0.6732997770127509,0.08090869361143793,-1.5076647073702434,1.669482094593119,parallel_descriptive_pairwise
eeg_O_alpha,Occipital alpha relative power,C(WWR)[T.75]:C(ExperienceGroup)[T.Low],0,15,0.592391083401313,0.6779060674399765,0.08551498403866353,-1.5128666062252891,1.6838965743026162,parallel_descriptive_pairwise
eeg_O_alpha,Occipital alpha relative power,C(WWR)[T.75]:C(ExperienceGroup)[T.Low],5,10,0.6493503709703318,0.6732997770127509,0.02394940604241913,-1.621771125256334,1.669669937341172,parallel_descriptive_pairwise
eeg_O_alpha,Occipital alpha relative power,C(WWR)[T.75]:C(ExperienceGroup)[T.Low],5,15,0.6493503709703318,0.6779060674399765,0.02855569646964473,-1.6266344209870984,1.683745813926388,parallel_descriptive_pairwise
eeg_O_alpha,Occipital alpha relative power,C(WWR)[T.75]:C(ExperienceGroup)[T.Low],10,15,0.6732997770127509,0.6779060674399765,0.004606290427225601,-1.7200663707500694,1.7292789516045204,parallel_descriptive_pairwise
eeg_O_alpha,Occipital alpha relative power,C(Complexity)[T.1]:C(ExperienceGroup)[T.Low],0,5,0.3500696452783956,0.36090669223199817,0.010837046953602547,-0.9010472332822506,0.9227213271894557,parallel_descriptive_pairwise
eeg_O_alpha,Occipital alpha relative power,C(Complexity)[T.1]:C(ExperienceGroup)[T.Low],0,10,0.3500696452783956,0.37119476901692616,0.021125123738530538,-0.9363004762411269,0.9785507237181879,parallel_descriptive_pairwise
eeg_O_alpha,Occipital alpha relative power,C(Complexity)[T.1]:C(ExperienceGroup)[T.Low],0,15,0.3500696452783956,0.3536587368035717,0.003589091525176058,-0.969478584449858,0.9766567675002101,parallel_descriptive_pairwise
eeg_O_alpha,Occipital alpha relative power,C(Complexity)[T.1]:C(ExperienceGroup)[T.Low],5,10,0.36090669223199817,0.37119476901692616,0.01028807678492799,-0.9860550010158486,1.0066311545857045,parallel_descriptive_pairwise
eeg_O_alpha,Occipital alpha relative power,C(Complexity)[T.1]:C(ExperienceGroup)[T.Low],5,15,0.36090669223199817,0.3536587368035717,-0.007247955428426489,-1.018631389746278,1.0041354788894248,parallel_descriptive_pairwise
eeg_O_alpha,Occipital alpha relative power,C(Complexity)[T.1]:C(ExperienceGroup)[T.Low],10,15,0.37119476901692616,0.3536587368035717,-0.01753603221335448,-1.0701647845129094,1.0350927200862006,parallel_descriptive_pairwise
eeg_O_alpha,Occipital alpha relative power,block,0,5,0.6047901915328052,0.641612034370013,0.0368218428372078,-0.5178571715950937,0.5915008572695093,parallel_descriptive_pairwise
eeg_O_alpha,Occipital alpha relative power,block,0,10,0.6047901915328052,0.6889358852615277,0.08414569372872249,-0.49880006032603497,0.66709144778348,parallel_descriptive_pairwise
eeg_O_alpha,Occipital alpha relative power,block,0,15,0.6047901915328052,0.7091339523629675,0.10434376083016228,-0.4973926480670513,0.7060801697273759,parallel_descriptive_pairwise
eeg_O_alpha,Occipital alpha relative power,block,5,10,0.641612034370013,0.6889358852615277,0.047323850891514696,-0.5567351686872495,0.6513828704702789,parallel_descriptive_pairwise
eeg_O_alpha,Occipital alpha relative power,block,5,15,0.641612034370013,0.7091339523629675,0.06752191799295448,-0.5546904675768787,0.6897343035627876,parallel_descriptive_pairwise
eeg_O_alpha,Occipital alpha relative power,block,10,15,0.6889358852615277,0.7091339523629675,0.020198067101439787,-0.6273397278382712,0.6677358620411508,parallel_descriptive_pairwise
eeg_O_alpha,Occipital alpha relative power,position_centered,0,5,0.12596055985325047,0.13694910730736273,0.010988547454112263,-0.18114782900873236,0.20312492391695688,parallel_descriptive_pairwise
eeg_O_alpha,Occipital alpha relative power,position_centered,0,10,0.12596055985325047,0.14626269299937697,0.0203021331461265,-0.1815726197322198,0.2221768860244728,parallel_descriptive_pairwise
eeg_O_alpha,Occipital alpha relative power,position_centered,0,15,0.12596055985325047,0.14649686374290966,0.020536303889659185,-0.18530767974723875,0.22638028752655712,parallel_descriptive_pairwise
eeg_O_alpha,Occipital alpha relative power,position_centered,5,10,0.13694910730736273,0.14626269299937697,0.009313585692014237,-0.1997506795707752,0.21837785095480367,parallel_descriptive_pairwise
eeg_O_alpha,Occipital alpha relative power,position_centered,5,15,0.13694910730736273,0.14649686374290966,0.009547756435546922,-0.20335174276462525,0.2224472556357191,parallel_descriptive_pairwise
eeg_O_alpha,Occipital alpha relative power,position_centered,10,15,0.14626269299937697,0.14649686374290966,0.00023417074353268563,-0.22149364764898555,0.22196198913605092,parallel_descriptive_pairwise
eeg_O_beta,Occipital beta relative power,Intercept,0,5,1.5531276297206709,1.5935816326321661,0.04045400291149526,-4.318570460764539,4.39947846658753,parallel_descriptive_pairwise
eeg_O_beta,Occipital beta relative power,Intercept,0,10,1.5531276297206709,1.5653818795721093,0.012254249851438415,-4.357556190342855,4.382064690045732,parallel_descriptive_pairwise
eeg_O_beta,Occipital beta relative power,Intercept,0,15,1.5531276297206709,1.5079966598162624,-0.04513096990440846,-4.473462641942327,4.38320070213351,parallel_descriptive_pairwise
eeg_O_beta,Occipital beta relative power,Intercept,5,10,1.5935816326321661,1.5653818795721093,-0.028199753060056842,-4.333415838876505,4.277016332756391,parallel_descriptive_pairwise
eeg_O_beta,Occipital beta relative power,Intercept,5,15,1.5935816326321661,1.5079966598162624,-0.08558497281590371,-4.45018846682493,4.279018521193121,parallel_descriptive_pairwise
eeg_O_beta,Occipital beta relative power,Intercept,10,15,1.5653818795721093,1.5079966598162624,-0.05738521975584687,-4.432760937133807,4.317990497622114,parallel_descriptive_pairwise
eeg_O_beta,Occipital beta relative power,C(WWR)[T.45],0,5,-0.35155543213698587,-0.24651986260847836,0.10503556952850751,-0.5870709339069993,0.7971420729640142,parallel_descriptive_pairwise
eeg_O_beta,Occipital beta relative power,C(WWR)[T.45],0,10,-0.35155543213698587,-0.16503143769252296,0.1865239944444629,-0.4670491086000236,0.8400970974889493,parallel_descriptive_pairwise
eeg_O_beta,Occipital beta relative power,C(WWR)[T.45],0,15,-0.35155543213698587,-0.14231819091294157,0.2092372412240443,-0.43331207887357837,0.851786561321667,parallel_descriptive_pairwise
eeg_O_beta,Occipital beta relative power,C(WWR)[T.45],5,10,-0.24651986260847836,-0.16503143769252296,0.0814884249159554,-0.49508016045197534,0.6580570102838862,parallel_descriptive_pairwise
eeg_O_beta,Occipital beta relative power,C(WWR)[T.45],5,15,-0.24651986260847836,-0.14231819091294157,0.10420167169553679,-0.45984013647819694,0.6682434798692705,parallel_descriptive_pairwise
eeg_O_beta,Occipital beta relative power,C(WWR)[T.45],10,15,-0.16503143769252296,-0.14231819091294157,0.022713246779581392,-0.4933192621705532,0.5387457557297161,parallel_descriptive_pairwise
eeg_O_beta,Occipital beta relative power,C(WWR)[T.75],0,5,0.050365831082089724,0.0713420420721611,0.02097621099007138,-0.5251536799792701,0.5671061019594129,parallel_descriptive_pairwise
eeg_O_beta,Occipital beta relative power,C(WWR)[T.75],0,10,0.050365831082089724,0.10730216442267693,0.0569363333405872,-0.5021832880385703,0.6160559547197447,parallel_descriptive_pairwise
eeg_O_beta,Occipital beta relative power,C(WWR)[T.75],0,15,0.050365831082089724,0.08575755885961858,0.03539172777752886,-0.5399915747229005,0.6107750302779582,parallel_descriptive_pairwise
eeg_O_beta,Occipital beta relative power,C(WWR)[T.75],5,10,0.0713420420721611,0.10730216442267693,0.03596012235051582,-0.5267190831144037,0.5986393278154354,parallel_descriptive_pairwise
eeg_O_beta,Occipital beta relative power,C(WWR)[T.75],5,15,0.0713420420721611,0.08575755885961858,0.014415516787457477,-0.5644273652174622,0.5932583987923771,parallel_descriptive_pairwise
eeg_O_beta,Occipital beta relative power,C(WWR)[T.75],10,15,0.10730216442267693,0.08575755885961858,-0.021544605563058344,-0.6126587867909737,0.569569575664857,parallel_descriptive_pairwise
eeg_O_beta,Occipital beta relative power,C(Complexity)[T.1],0,5,0.23732845990533036,0.3262654252826003,0.08893696537726992,-0.47638458890458735,0.6542585196591272,parallel_descriptive_pairwise
eeg_O_beta,Occipital beta relative power,C(Complexity)[T.1],0,10,0.23732845990533036,0.4124322031041029,0.17510374319877253,-0.3829970971756048,0.7332045835731499,parallel_descriptive_pairwise
eeg_O_beta,Occipital beta relative power,C(Complexity)[T.1],0,15,0.23732845990533036,0.37694371293025725,0.1396152530249269,-0.4484920213979586,0.7277225274478123,parallel_descriptive_pairwise
eeg_O_beta,Occipital beta relative power,C(Complexity)[T.1],5,10,0.3262654252826003,0.4124322031041029,0.08616677782150262,-0.4781501050334356,0.6504836606764408,parallel_descriptive_pairwise
eeg_O_beta,Occipital beta relative power,C(Complexity)[T.1],5,15,0.3262654252826003,0.37694371293025725,0.05067828764765697,-0.5433311083029819,0.644687683598296,parallel_descriptive_pairwise
eeg_O_beta,Occipital beta relative power,C(Complexity)[T.1],10,15,0.4124322031041029,0.37694371293025725,-0.035488490173845644,-0.6226300836319947,0.5516531032843035,parallel_descriptive_pairwise
eeg_O_beta,Occipital beta relative power,C(ExperienceGroup)[T.Low],0,5,1.8713486827974337,1.8900866879672358,0.018738005169802063,-3.931348798781876,3.9688248091214797,parallel_descriptive_pairwise
eeg_O_beta,Occipital beta relative power,C(ExperienceGroup)[T.Low],0,10,1.8713486827974337,1.9036513052995134,0.032302622502079714,-3.9074579637321825,3.972063208736342,parallel_descriptive_pairwise
eeg_O_beta,Occipital beta relative power,C(ExperienceGroup)[T.Low],0,15,1.8713486827974337,1.8089913703491154,-0.062357312448318325,-3.9904767658880935,3.865762140991457,parallel_descriptive_pairwise
eeg_O_beta,Occipital beta relative power,C(ExperienceGroup)[T.Low],5,10,1.8900866879672358,1.9036513052995134,0.013564617332277651,-3.934313330725855,3.961442565390411,parallel_descriptive_pairwise
eeg_O_beta,Occipital beta relative power,C(ExperienceGroup)[T.Low],5,15,1.8900866879672358,1.8089913703491154,-0.08109531761812039,-4.01735613931309,3.85516550407685,parallel_descriptive_pairwise
eeg_O_beta,Occipital beta relative power,C(ExperienceGroup)[T.Low],10,15,1.9036513052995134,1.8089913703491154,-0.09465993495039804,-4.02055817287029,3.8312383029694943,parallel_descriptive_pairwise
eeg_O_beta,Occipital beta relative power,C(Gender)[T.Male],0,5,-0.0984840383606149,-0.06443561090648575,0.03404842745412914,-3.806769119519473,3.8748659744277316,parallel_descriptive_pairwise
eeg_O_beta,Occipital beta relative power,C(Gender)[T.Male],0,10,-0.0984840383606149,-0.01866093478779213,0.07982310357282277,-3.7333742148045643,3.8930204219502103,parallel_descriptive_pairwise
eeg_O_beta,Occipital beta relative power,C(Gender)[T.Male],0,15,-0.0984840383606149,0.03504575450042572,0.1335297928610406,-3.6551538089833566,3.922213394705438,parallel_descriptive_pairwise
eeg_O_beta,Occipital beta relative power,C(Gender)[T.Male],5,10,-0.06443561090648575,-0.01866093478779213,0.045774676118693625,-3.7238239872706766,3.815373339508064,parallel_descriptive_pairwise
eeg_O_beta,Occipital beta relative power,C(Gender)[T.Male],5,15,-0.06443561090648575,0.03504575450042572,0.09948136540691147,-3.645318192517527,3.8442809233313495,parallel_descriptive_pairwise
eeg_O_beta,Occipital beta relative power,C(Gender)[T.Male],10,15,-0.01866093478779213,0.03504575450042572,0.053706689288217854,-3.6627591169275804,3.7701724955040157,parallel_descriptive_pairwise
eeg_O_beta,Occipital beta relative power,C(OrderGroup)[T.2],0,5,1.3089291522736592,1.2468578446518346,-0.06207130762182467,-4.095595037918613,3.9714524226749637,parallel_descriptive_pairwise
eeg_O_beta,Occipital beta relative power,C(OrderGroup)[T.2],0,10,1.3089291522736592,1.207114945880499,-0.10181420639316019,-4.109384517969956,3.9057561051836354,parallel_descriptive_pairwise
eeg_O_beta,Occipital beta relative power,C(OrderGroup)[T.2],0,15,1.3089291522736592,1.1750361464503585,-0.13389300582330077,-4.120002891703704,3.852216880057103,parallel_descriptive_pairwise
eeg_O_beta,Occipital beta relative power,C(OrderGroup)[T.2],5,10,1.2468578446518346,1.207114945880499,-0.03974289877133552,-4.00378707282345,3.9243012752807793,parallel_descriptive_pairwise
eeg_O_beta,Occipital beta relative power,C(OrderGroup)[T.2],5,15,1.2468578446518346,1.1750361464503585,-0.0718216982014761,-4.014168516267874,3.8705251198649218,parallel_descriptive_pairwise
eeg_O_beta,Occipital beta relative power,C(OrderGroup)[T.2],10,15,1.207114945880499,1.1750361464503585,-0.03207879943014058,-3.9478679348768746,3.8837103360165934,parallel_descriptive_pairwise
eeg_O_beta,Occipital beta relative power,C(WWR)[T.45]:C(Complexity)[T.1],0,5,0.1397553779977796,-0.09112092232280106,-0.23087630032058065,-1.4729888186200124,1.011236217978851,parallel_descriptive_pairwise
eeg_O_beta,Occipital beta relative power,C(WWR)[T.45]:C(Complexity)[T.1],0,10,0.1397553779977796,-0.18277476690334782,-0.3225301449011274,-1.4817882770487003,0.8367279872464454,parallel_descriptive_pairwise
eeg_O_beta,Occipital beta relative power,C(WWR)[T.45]:C(Complexity)[T.1],0,15,0.1397553779977796,-0.187579114210623,-0.3273344922084026,-1.4398915661031118,0.7852225816863064,parallel_descriptive_pairwise
eeg_O_beta,Occipital beta relative power,C(WWR)[T.45]:C(Complexity)[T.1],5,10,-0.09112092232280106,-0.18277476690334782,-0.09165384458054676,-1.0377235912473264,0.854415902086233,parallel_descriptive_pairwise
eeg_O_beta,Occipital beta relative power,C(WWR)[T.45]:C(Complexity)[T.1],5,15,-0.09112092232280106,-0.187579114210623,-0.09645819188782195,-0.9846877744175992,0.7917713906419555,parallel_descriptive_pairwise
eeg_O_beta,Occipital beta relative power,C(WWR)[T.45]:C(Complexity)[T.1],10,15,-0.18277476690334782,-0.187579114210623,-0.004804347307275192,-0.7729109155093349,0.7633022208947845,parallel_descriptive_pairwise
eeg_O_beta,Occipital beta relative power,C(WWR)[T.75]:C(Complexity)[T.1],0,5,-0.7539622339717132,-0.7887259731137177,-0.03476373914200448,-1.1442830666797574,1.0747555883957483,parallel_descriptive_pairwise
eeg_O_beta,Occipital beta relative power,C(WWR)[T.75]:C(Complexity)[T.1],0,10,-0.7539622339717132,-0.8612444895643178,-0.10728225559260451,-1.2209459375384972,1.0063814263532882,parallel_descriptive_pairwise
eeg_O_beta,Occipital beta relative power,C(WWR)[T.75]:C(Complexity)[T.1],0,15,-0.7539622339717132,-0.8067838854422551,-0.05282165147054185,-1.2149909547963644,1.109347651855281,parallel_descriptive_pairwise
eeg_O_beta,Occipital beta relative power,C(WWR)[T.75]:C(Complexity)[T.1],5,10,-0.7887259731137177,-0.8612444895643178,-0.07251851645060003,-1.2167184340928672,1.0716814011916669,parallel_descriptive_pairwise
eeg_O_beta,Occipital beta relative power,C(WWR)[T.75]:C(Complexity)[T.1],5,15,-0.7887259731137177,-0.8067838854422551,-0.018057912328537373,-1.2095209393000488,1.173405114642974,parallel_descriptive_pairwise
eeg_O_beta,Occipital beta relative power,C(WWR)[T.75]:C(Complexity)[T.1],10,15,-0.8612444895643178,-0.8067838854422551,0.05446060412206266,-1.1408627006560095,1.2497839089001346,parallel_descriptive_pairwise
eeg_O_beta,Occipital beta relative power,C(WWR)[T.45]:C(ExperienceGroup)[T.Low],0,5,0.25802479898368347,0.1396305674618899,-0.11839423152179357,-0.9001620924740148,0.6633736294304275,parallel_descriptive_pairwise
eeg_O_beta,Occipital beta relative power,C(WWR)[T.45]:C(ExperienceGroup)[T.Low],0,10,0.25802479898368347,0.07816474244252752,-0.17986005654115594,-0.9884609386601939,0.6287408255778821,parallel_descriptive_pairwise
eeg_O_beta,Occipital beta relative power,C(WWR)[T.45]:C(ExperienceGroup)[T.Low],0,15,0.25802479898368347,0.07650147243795868,-0.18152332654572478,-1.0700248309656395,0.70697817787419,parallel_descriptive_pairwise
eeg_O_beta,Occipital beta relative power,C(WWR)[T.45]:C(ExperienceGroup)[T.Low],5,10,0.1396305674618899,0.07816474244252752,-0.061465825019362375,-0.8961522658100189,0.7732206157712942,parallel_descriptive_pairwise
eeg_O_beta,Occipital beta relative power,C(WWR)[T.45]:C(ExperienceGroup)[T.Low],5,15,0.1396305674618899,0.07650147243795868,-0.06312909502393121,-0.975434411917645,0.8491762218697827,parallel_descriptive_pairwise
eeg_O_beta,Occipital beta relative power,C(WWR)[T.45]:C(ExperienceGroup)[T.Low],10,15,0.07816474244252752,0.07650147243795868,-0.0016632700045688398,-0.9370644616749744,0.9337379216658366,parallel_descriptive_pairwise
eeg_O_beta,Occipital beta relative power,C(WWR)[T.75]:C(ExperienceGroup)[T.Low],0,5,-0.06256006215811945,-0.002726912230666721,0.05983314992745273,-0.598497240274348,0.7181635401292534,parallel_descriptive_pairwise
eeg_O_beta,Occipital beta relative power,C(WWR)[T.75]:C(ExperienceGroup)[T.Low],0,10,-0.06256006215811945,-0.00022132294259187484,0.06233873921552757,-0.5967153775108217,0.7213928559418769,parallel_descriptive_pairwise
eeg_O_beta,Occipital beta relative power,C(WWR)[T.75]:C(ExperienceGroup)[T.Low],0,15,-0.06256006215811945,0.10867593170052879,0.17123599385864824,-0.4858459537396311,0.8283179414569275,parallel_descriptive_pairwise
eeg_O_beta,Occipital beta relative power,C(WWR)[T.75]:C(ExperienceGroup)[T.Low],5,10,-0.002726912230666721,-0.00022132294259187484,0.0025055892880748464,-0.6020468611402398,0.6070580397163895,parallel_descriptive_pairwise
eeg_O_beta,Occipital beta relative power,C(WWR)[T.75]:C(ExperienceGroup)[T.Low],5,15,-0.002726912230666721,0.10867593170052879,0.11140284393119551,-0.4909990338916407,0.7138047217540316,parallel_descriptive_pairwise
eeg_O_beta,Occipital beta relative power,C(WWR)[T.75]:C(ExperienceGroup)[T.Low],10,15,-0.00022132294259187484,0.10867593170052879,0.10889725464312067,-0.49429545794148316,0.7120899672277246,parallel_descriptive_pairwise
eeg_O_beta,Occipital beta relative power,C(Complexity)[T.1]:C(ExperienceGroup)[T.Low],0,5,0.025727893118012962,-0.05220630989341365,-0.07793420301142662,-0.5608108852613334,0.4049424792384801,parallel_descriptive_pairwise
eeg_O_beta,Occipital beta relative power,C(Complexity)[T.1]:C(ExperienceGroup)[T.Low],0,10,0.025727893118012962,-0.10406091240904715,-0.12978880552706012,-0.593624150643758,0.3340465395896377,parallel_descriptive_pairwise
eeg_O_beta,Occipital beta relative power,C(Complexity)[T.1]:C(ExperienceGroup)[T.Low],0,15,0.025727893118012962,-0.13399031582945817,-0.15971820894747113,-0.5894952479915478,0.27005883009660564,parallel_descriptive_pairwise
eeg_O_beta,Occipital beta relative power,C(Complexity)[T.1]:C(ExperienceGroup)[T.Low],5,10,-0.05220630989341365,-0.10406091240904715,-0.0518546025156335,-0.5163133762534631,0.4126041712221961,parallel_descriptive_pairwise
eeg_O_beta,Occipital beta relative power,C(Complexity)[T.1]:C(ExperienceGroup)[T.Low],5,15,-0.05220630989341365,-0.13399031582945817,-0.08178400593604451,-0.5122338037197305,0.34866579184764146,parallel_descriptive_pairwise
eeg_O_beta,Occipital beta relative power,C(Complexity)[T.1]:C(ExperienceGroup)[T.Low],10,15,-0.10406091240904715,-0.13399031582945817,-0.02992940342041102,-0.4389041771300678,0.3790453702892458,parallel_descriptive_pairwise
eeg_O_beta,Occipital beta relative power,block,0,5,0.2904271135922074,0.2134993354595403,-0.0769277781326671,-0.5253685999581452,0.37151304369281096,parallel_descriptive_pairwise
eeg_O_beta,Occipital beta relative power,block,0,10,0.2904271135922074,0.16528139442355938,-0.12514571916864803,-0.5516819103411151,0.3013904720038191,parallel_descriptive_pairwise
eeg_O_beta,Occipital beta relative power,block,0,15,0.2904271135922074,0.19023071052104445,-0.10019640307116295,-0.5216993266892009,0.321306520546875,parallel_descriptive_pairwise
eeg_O_beta,Occipital beta relative power,block,5,10,0.2134993354595403,0.16528139442355938,-0.04821794103598093,-0.4634728975845294,0.36703701551256757,parallel_descriptive_pairwise
eeg_O_beta,Occipital beta relative power,block,5,15,0.2134993354595403,0.19023071052104445,-0.023268624938495852,-0.4333518740194293,0.3868146241424376,parallel_descriptive_pairwise
eeg_O_beta,Occipital beta relative power,block,10,15,0.16528139442355938,0.19023071052104445,0.024949316097485075,-0.3610587445400879,0.41095737673505806,parallel_descriptive_pairwise
eeg_O_beta,Occipital beta relative power,position_centered,0,5,0.018167309151272296,0.02634919408476633,0.008181884933494032,-0.10175093939212082,0.11811470925910889,parallel_descriptive_pairwise
eeg_O_beta,Occipital beta relative power,position_centered,0,10,0.018167309151272296,0.019060192275890567,0.0008928831246182711,-0.10964469697719902,0.11143046322643556,parallel_descriptive_pairwise
eeg_O_beta,Occipital beta relative power,position_centered,0,15,0.018167309151272296,0.015224135949777704,-0.002943173201494592,-0.10985421659643362,0.10396787019344443,parallel_descriptive_pairwise
eeg_O_beta,Occipital beta relative power,position_centered,5,10,0.02634919408476633,0.019060192275890567,-0.007289001808875761,-0.11549803737195849,0.10092003375420697,parallel_descriptive_pairwise
eeg_O_beta,Occipital beta relative power,position_centered,5,15,0.02634919408476633,0.015224135949777704,-0.011125058134988625,-0.11562678042951047,0.09337666415953322,parallel_descriptive_pairwise
eeg_O_beta,Occipital beta relative power,position_centered,10,15,0.019060192275890567,0.015224135949777704,-0.0038360563261128633,-0.10897377892404886,0.10130166627182313,parallel_descriptive_pairwise
